Tag señal,Origen,Locación,Lazo,Lazo típico,Servicio,Descripción,P&ID,Inf,Sup,Set Al,Un Ing,Tipo de I/O,Tipo de señal,destino,Controlador,HMI,Interbloqueos,Log de eventos,Tendencia,Histórico,Notas
XO-BOM026,VFD-026,CCM,A-001/003,Analizador1,BOMBA DE TRANSFERENCIA DE CAL BOM-026,COMANDO DE ARRANQUE,A2-2008-HD018,,,,,DO,Sink 24 VDC,GAB-002,PLC-002,EST-001,,SI,NO,NO,
XC-BOM026,VFD-026,CCM,A-001/003,Analizador1,BOMBA DE TRANSFERENCIA DE CAL BOM-026,COMANDO DE PARO,A2-2008-HD018,,,,,DO,Sink 24 VDC,GAB-002,PLC-002,EST-001,,SI,NO,NO,
XS-BOM026,VFD-026,CCM,A-001/003,Analizador1,BOMBA DE TRANSFERENCIA DE CAL BOM-026,CONSIGNA DE VELOCIDAD,A2-2008-HD018,,,,%,AO,4-20 mA,GAB-002,PLC-002,EST-001,,NO,SI,SI,
XO-BOM027,VFD-027,CCM,A-001/003,Analizador1,BOMBA DE TRANSFERENCIA DE CAL BOM-027,COMANDO DE ARRANQUE,A2-2008-HD018,,,,,DO,Sink 24 VDC,GAB-002,PLC-002,EST-001,,SI,NO,NO,
XC-BOM027,VFD-027,CCM,A-001/003,Analizador1,BOMBA DE TRANSFERENCIA DE CAL BOM-027,COMANDO DE PARO,A2-2008-HD018,,,,,DO,Sink 24 VDC,GAB-002,PLC-002,EST-001,,SI,NO,NO,
XS-BOM027,VFD-027,CCM,A-001/003,Analizador1,BOMBA DE TRANSFERENCIA DE CAL BOM-027,CONSIGNA DE VELOCIDAD,A2-2008-HD018,,,,%,AO,4-20 mA,GAB-002,PLC-002,EST-001,,NO,SI,SI,
AI-001,AIT-001,FLD,A-001/003,Analizador1,TANQUE DE HOMOGENIZACION TK-007,INDICACION ANALISIS PH,A2-2008-HD018,HOLD,HOLD,,HOLD,AI,4-20 mA,JBI-007,PLC-002,EST-001,,NO,SI,SI,
AAH-001,AIT-001,FLD,A-001/003,Analizador1,TANQUE DE HOMOGENIZACION TK-007,ALARMA ALTO PH,A2-2008-HD018,,,HOLD,HOLD,S,,NA,NA,NA,,SI,NO,NO,
AI-003,AIT-003,FLD,A-001/003,Analizador1,TANQUE DE HOMOGENIZACION TK-008,INDICACION ANALISIS PH,A2-2008-HD018,HOLD,HOLD,,HOLD,AI,4-20 mA,JBI-007,PLC-002,EST-001,,NO,SI,SI,
AAH-003,AIT-003,FLD,A-001/003,Analizador1,TANQUE DE HOMOGENIZACION TK-008,ALARMA ALTO PH,A2-2008-HD018,,,HOLD,HOLD,S,,NA,NA,NA,,SI,NO,NO,
AI-002,AIT-002,FLD,A-002/004,Analizador2,TANQUE DE HOMOGENIZACION TK-007,INDICACION ANALISIS SST,A2-2008-HD018,HOLD,HOLD,,HOLD,AI,4-20 mA,JBI-007,PLC-002,EST-001,,NO,SI,SI,
AAH-002,AIT-002,FLD,A-002/004,Analizador2,TANQUE DE HOMOGENIZACION TK-007,ALARMA ALTO SST,A2-2008-HD018,,,HOLD,HOLD,S,,NA,NA,NA,,SI,NO,NO,
AI-004,AIT-004,FLD,A-002/004,Analizador2,TANQUE DE HOMOGENIZACION TK-008,INDICACION ANALISIS SST,A2-2008-HD018,HOLD,HOLD,,HOLD,AI,4-20 mA,JBI-007,PLC-002,EST-001,,NO,SI,SI,
AAH-004,AIT-004,FLD,A-002/004,Analizador2,TANQUE DE HOMOGENIZACION TK-008,ALARMA ALTO SST,A2-2008-HD018,,,HOLD,HOLD,S,,NA,NA,NA,,SI,NO,NO,
XO-FCV012,FCV-012,FLD,A-002/004,Analizador2,LODOS HOMOGENIZADOS T-007 A BOM-028/029/030,COMANDO DE APERTURA,A2-2008-HD018A,,,,,DO,Sink 24 VDC,JBI-007,PLC-002,EST-001,,SI,NO,NO,
XC-FCV012,FCV-012,FLD,A-002/004,Analizador2,LODOS HOMOGENIZADOS T-007 A BOM-028/029/030,COMANDO DE CIERRE,A2-2008-HD018A,,,,,DO,Sink 24 VDC,JBI-007,PLC-002,EST-001,,SI,NO,NO,
ZIO-FCV012,FCV-012,FLD,A-002/004,Analizador2,LODOS HOMOGENIZADOS T-007 A BOM-028/029/030,STATUS VALVULA ABIERTA,A2-2008-HD018A,,,,,DI,Sink 24 VDC,JBI-007,PLC-002,EST-001,I-31/32/33,SI,NO,NO,
ZIC-FCV012,FCV-012,FLD,A-002/004,Analizador2,LODOS HOMOGENIZADOS T-007 A BOM-028/029/030,STATUS VALVULA CERRADA,A2-2008-HD018A,,,,,DI,Sink 24 VDC,JBI-007,PLC-002,EST-001,I-31/32/33,SI,NO,NO,
XLR-FCV012,FCV-012,FLD,A-002/004,Analizador2,LODOS HOMOGENIZADOS T-007 A BOM-028/029/030,STATUS MODO LOCAL/REMOTO,A2-2008-HD018A,,,,,DI,Sink 24 VDC,JBI-007,PLC-002,EST-001,,SI,NO,NO,
XO-FCV013,FCV-013,FLD,A-002/004,Analizador2,LODOS HOMOGENIZADOS T-007 A BOM-028/029/030,COMANDO DE APERTURA,A2-2008-HD018A,,,,,DO,Sink 24 VDC,JBI-007,PLC-002,EST-001,,SI,NO,NO,
XC-FCV013,FCV-013,FLD,A-002/004,Analizador2,LODOS HOMOGENIZADOS T-007 A BOM-028/029/030,COMANDO DE CIERRE,A2-2008-HD018A,,,,,DO,Sink 24 VDC,JBI-007,PLC-002,EST-001,,SI,NO,NO,
ZIO-FCV013,FCV-013,FLD,A-002/004,Analizador2,LODOS HOMOGENIZADOS T-007 A BOM-028/029/030,STATUS VALVULA ABIERTA,A2-2008-HD018A,,,,,DI,Sink 24 VDC,JBI-007,PLC-002,EST-001,I-31/32/33,SI,NO,NO,
ZIC-FCV013,FCV-013,FLD,A-002/004,Analizador2,LODOS HOMOGENIZADOS T-007 A BOM-028/029/030,STATUS VALVULA CERRADA,A2-2008-HD018A,,,,,DI,Sink 24 VDC,JBI-007,PLC-002,EST-001,I-31/32/33,SI,NO,NO,
XLR-FCV013,FCV-013,FLD,A-002/004,Analizador2,LODOS HOMOGENIZADOS T-007 A BOM-028/029/030,STATUS MODO LOCAL/REMOTO,A2-2008-HD018A,,,,,DI,Sink 24 VDC,JBI-007,PLC-002,EST-001,,SI,NO,NO,
XO-FCV014,FCV-014,FLD,A-002/004,Analizador2,LODOS HOMOGENIZADOS T-007 A BOM-028/029/030,COMANDO DE APERTURA,A2-2008-HD018A,,,,,DO,Sink 24 VDC,JBI-007,PLC-002,EST-001,,SI,NO,NO,
XC-FCV014,FCV-014,FLD,A-002/004,Analizador2,LODOS HOMOGENIZADOS T-007 A BOM-028/029/030,COMANDO DE CIERRE,A2-2008-HD018A,,,,,DO,Sink 24 VDC,JBI-007,PLC-002,EST-001,,SI,NO,NO,
ZIO-FCV014,FCV-014,FLD,A-002/004,Analizador2,LODOS HOMOGENIZADOS T-007 A BOM-028/029/030,STATUS VALVULA ABIERTA,A2-2008-HD018A,,,,,DI,Sink 24 VDC,JBI-007,PLC-002,EST-001,I-31/32/33,SI,NO,NO,
ZIC-FCV014,FCV-014,FLD,A-002/004,Analizador2,LODOS HOMOGENIZADOS T-007 A BOM-028/029/030,STATUS VALVULA CERRADA,A2-2008-HD018A,,,,,DI,Sink 24 VDC,JBI-007,PLC-002,EST-001,I-31/32/33,SI,NO,NO,
XLR-FCV014,FCV-014,FLD,A-002/004,Analizador2,LODOS HOMOGENIZADOS T-007 A BOM-028/029/030,STATUS MODO LOCAL/REMOTO,A2-2008-HD018A,,,,,DI,Sink 24 VDC,JBI-007,PLC-002,EST-001,,SI,NO,NO,
XO-FCV015,FCV-015,FLD,A-002/004,Analizador2,LODOS HOMOGENIZADOS T-008 A BOM-028/029/030,COMANDO DE APERTURA,A2-2008-HD018A,,,,,DO,Sink 24 VDC,JBI-007,PLC-002,EST-001,,SI,NO,NO,
XC-FCV015,FCV-015,FLD,A-002/004,Analizador2,LODOS HOMOGENIZADOS T-008 A BOM-028/029/030,COMANDO DE CIERRE,A2-2008-HD018A,,,,,DO,Sink 24 VDC,JBI-007,PLC-002,EST-001,,SI,NO,NO,
ZIO-FCV015,FCV-015,FLD,A-002/004,Analizador2,LODOS HOMOGENIZADOS T-008 A BOM-028/029/030,STATUS VALVULA ABIERTA,A2-2008-HD018A,,,,,DI,Sink 24 VDC,JBI-007,PLC-002,EST-001,I-31/32/33,SI,NO,NO,
ZIC-FCV015,FCV-015,FLD,A-002/004,Analizador2,LODOS HOMOGENIZADOS T-008 A BOM-028/029/030,STATUS VALVULA CERRADA,A2-2008-HD018A,,,,,DI,Sink 24 VDC,JBI-007,PLC-002,EST-001,I-31/32/33,SI,NO,NO,
XLR-FCV015,FCV-015,FLD,A-002/004,Analizador2,LODOS HOMOGENIZADOS T-008 A BOM-028/029/030,STATUS MODO LOCAL/REMOTO,A2-2008-HD018A,,,,,DI,Sink 24 VDC,JBI-007,PLC-002,EST-001,,SI,NO,NO,
XO-FCV016,FCV-016,FLD,A-002/004,Analizador2,LODOS HOMOGENIZADOS T-008 A BOM-028/029/030,COMANDO DE APERTURA,A2-2008-HD018A,,,,,DO,Sink 24 VDC,JBI-007,PLC-002,EST-001,,SI,NO,NO,
XC-FCV016,FCV-016,FLD,A-002/004,Analizador2,LODOS HOMOGENIZADOS T-008 A BOM-028/029/030,COMANDO DE CIERRE,A2-2008-HD018A,,,,,DO,Sink 24 VDC,JBI-007,PLC-002,EST-001,,SI,NO,NO,
ZIO-FCV016,FCV-016,FLD,A-002/004,Analizador2,LODOS HOMOGENIZADOS T-008 A BOM-028/029/030,STATUS VALVULA ABIERTA,A2-2008-HD018A,,,,,DI,Sink 24 VDC,JBI-007,PLC-002,EST-001,I-31/32/33,SI,NO,NO,
ZIC-FCV016,FCV-016,FLD,A-002/004,Analizador2,LODOS HOMOGENIZADOS T-008 A BOM-028/029/030,STATUS VALVULA CERRADA,A2-2008-HD018A,,,,,DI,Sink 24 VDC,JBI-007,PLC-002,EST-001,I-31/32/33,SI,NO,NO,
XLR-FCV016,FCV-016,FLD,A-002/004,Analizador2,LODOS HOMOGENIZADOS T-008 A BOM-028/029/030,STATUS MODO LOCAL/REMOTO,A2-2008-HD018A,,,,,DI,Sink 24 VDC,JBI-007,PLC-002,EST-001,,SI,NO,NO,
XO-FCV017,FCV-017,FLD,A-002/004,Analizador2,LODOS HOMOGENIZADOS T-008 A BOM-028/029/030,COMANDO DE APERTURA,A2-2008-HD018A,,,,,DO,Sink 24 VDC,JBI-007,PLC-002,EST-001,,SI,NO,NO,
XC-FCV017,FCV-017,FLD,A-002/004,Analizador2,LODOS HOMOGENIZADOS T-008 A BOM-028/029/030,COMANDO DE CIERRE,A2-2008-HD018A,,,,,DO,Sink 24 VDC,JBI-007,PLC-002,EST-001,,SI,NO,NO,
ZIO-FCV017,FCV-017,FLD,A-002/004,Analizador2,LODOS HOMOGENIZADOS T-008 A BOM-028/029/030,STATUS VALVULA ABIERTA,A2-2008-HD018A,,,,,DI,Sink 24 VDC,JBI-007,PLC-002,EST-001,I-31/32/33,SI,NO,NO,
ZIC-FCV017,FCV-017,FLD,A-002/004,Analizador2,LODOS HOMOGENIZADOS T-008 A BOM-028/029/030,STATUS VALVULA CERRADA,A2-2008-HD018A,,,,,DI,Sink 24 VDC,JBI-007,PLC-002,EST-001,I-31/32/33,SI,NO,NO,
XLR-FCV017,FCV-017,FLD,A-002/004,Analizador2,LODOS HOMOGENIZADOS T-008 A BOM-028/029/030,STATUS MODO LOCAL/REMOTO,A2-2008-HD018A,,,,,DI,Sink 24 VDC,JBI-007,PLC-002,EST-001,,SI,NO,NO,
XO-BOM028,VFD-028,CCM,A-002/004,Analizador2,BOMBA LODOS HOMOGENIZADOS BOM-028,COMANDO DE ARRANQUE,A2-2008-HD018,,,,,DO,Sink 24 VDC,GAB-002,PLC-002,EST-001,,SI,NO,NO,
XC-BOM028,VFD-028,CCM,A-002/004,Analizador2,BOMBA LODOS HOMOGENIZADOS BOM-028,COMANDO DE PARO,A2-2008-HD018,,,,,DO,Sink 24 VDC,GAB-002,PLC-002,EST-001,,SI,NO,NO,
XS-BOM028,VFD-028,CCM,A-002/004,Analizador2,BOMBA LODOS HOMOGENIZADOS BOM-028,CONSIGNA DE VELOCIDAD,A2-2008-HD018,,,,%,AO,4-20 mA,GAB-002,PLC-002,EST-001,,NO,SI,SI,
XO-BOM029,VFD-029,CCM,A-002/004,Analizador2,BOMBA LODOS HOMOGENIZADOS BOM-029,COMANDO DE ARRANQUE,A2-2008-HD018,,,,,DO,Sink 24 VDC,GAB-002,PLC-002,EST-001,,SI,NO,NO,
XC-BOM029,VFD-029,CCM,A-002/004,Analizador2,BOMBA LODOS HOMOGENIZADOS BOM-029,COMANDO DE PARO,A2-2008-HD018,,,,,DO,Sink 24 VDC,GAB-002,PLC-002,EST-001,,SI,NO,NO,
XS-BOM029,VFD-029,CCM,A-002/004,Analizador2,BOMBA LODOS HOMOGENIZADOS BOM-029,CONSIGNA DE VELOCIDAD,A2-2008-HD018,,,,%,AO,4-20 mA,GAB-002,PLC-002,EST-001,,NO,SI,SI,
XO-BOM030,VFD-030,CCM,A-002/004,Analizador2,BOMBA LODOS HOMOGENIZADOS BOM-030,COMANDO DE ARRANQUE,A2-2008-HD018,,,,,DO,Sink 24 VDC,GAB-002,PLC-002,EST-001,,SI,NO,NO,
XC-BOM030,VFD-030,CCM,A-002/004,Analizador2,BOMBA LODOS HOMOGENIZADOS BOM-030,COMANDO DE PARO,A2-2008-HD018,,,,,DO,Sink 24 VDC,GAB-002,PLC-002,EST-001,,SI,NO,NO,
XS-BOM030,VFD-030,CCM,A-002/004,Analizador2,BOMBA LODOS HOMOGENIZADOS BOM-030,CONSIGNA DE VELOCIDAD,A2-2008-HD018,,,,%,AO,4-20 mA,GAB-002,PLC-002,EST-001,,NO,SI,SI,
FQI-013,FIT-013,FLD,F-013,Sup_Analoga,AGUA RESIDUAL A PLANTAS COMPACTAS,INDICACION DE FLUJO INSTANTANEO,A2-2007-HD019,HOLD,HOLD,,HOLD,AI,4-20 mA,JBI-002,PLC-001,EST-001,,NO,SI,SI,
FALL-013,FIT-013,FLD,F-013,Sup_Analoga,AGUA RESIDUAL A PLANTAS COMPACTAS,ALARMA MUY BAJO FLUJO,A2-2007-HD019,,,HOLD,HOLD,S,,NA,NA,NA,,SI,NO,NO,
XO-BOM016,VFD-016,CCM,F-014,L_Cerr_VFD3,BOMBA DE LODOS SED SEC BOM-016,COMANDO DE ARRANQUE,A2-2007-HD021,,,,,DO,Sink 24 VDC,GAB-002,PLC-002,EST-001,,SI,NO,NO,
XC-BOM016,VFD-016,CCM,F-014,L_Cerr_VFD3,BOMBA DE LODOS SED SEC BOM-016,COMANDO DE PARO,A2-2007-HD021,,,,,DO,Sink 24 VDC,GAB-002,PLC-002,EST-001,,SI,NO,NO,
XS-BOM016,VFD-016,CCM,F-014,L_Cerr_VFD3,BOMBA DE LODOS SED SEC BOM-016,CONSIGNA DE VELOCIDAD,A2-2007-HD021,,,,%,AO,4-20 mA,GAB-002,PLC-002,EST-001,,NO,SI,SI,
XO-BOM017,VFD-017,CCM,F-014,L_Cerr_VFD3,BOMBA DE LODOS SED SEC BOM-017,COMANDO DE ARRANQUE,A2-2007-HD021,,,,,DO,Sink 24 VDC,GAB-002,PLC-002,EST-001,,SI,NO,NO,
XC-BOM017,VFD-017,CCM,F-014,L_Cerr_VFD3,BOMBA DE LODOS SED SEC BOM-017,COMANDO DE PARO,A2-2007-HD021,,,,,DO,Sink 24 VDC,GAB-002,PLC-002,EST-001,,SI,NO,NO,
XS-BOM017,VFD-017,CCM,F-014,L_Cerr_VFD3,BOMBA DE LODOS SED SEC BOM-017,CONSIGNA DE VELOCIDAD,A2-2007-HD021,,,,%,AO,4-20 mA,GAB-002,PLC-002,EST-001,,NO,SI,SI,
XO-BOM018,VFD-018,CCM,F-014,L_Cerr_VFD3,BOMBA DE LODOS SED SEC BOM-018,COMANDO DE ARRANQUE,A2-2007-HD021,,,,,DO,Sink 24 VDC,GAB-002,PLC-002,EST-001,,SI,NO,NO,
XC-BOM018,VFD-018,CCM,F-014,L_Cerr_VFD3,BOMBA DE LODOS SED SEC BOM-018,COMANDO DE PARO,A2-2007-HD021,,,,,DO,Sink 24 VDC,GAB-002,PLC-002,EST-001,,SI,NO,NO,
XS-BOM018,VFD-018,CCM,F-014,L_Cerr_VFD3,BOMBA DE LODOS SED SEC BOM-018,CONSIGNA DE VELOCIDAD,A2-2007-HD021,,,,%,AO,4-20 mA,GAB-002,PLC-002,EST-001,,NO,SI,SI,
FI-014,FIT-014,FLD,F-014,L_Cerr_VFD3,LODOS DE SED SEC A MESAS ESPESADORAS,INDICACION DE FLUJO INSTANTANEO,A2-2008-HD018,HOLD,HOLD,,HOLD,AI,4-20 mA,JBI-006,PLC-002,EST-001,,NO,SI,SI,
FALL-014,FIT-014,FLD,F-014,L_Cerr_VFD3,LODOS DE SED SEC A MESAS ESPESADORAS,ALARMA POR MUY BAJO FLUJO,A2-2008-HD018,,,HOLD,HOLD,S,,NA,NA,NA,,SI,NO,NO,
XO-BOM010,VFD-010,CCM,F-015,L_Cerr_VFD3,BOMBA DE LODOS SED PRIM BOM-010,COMANDO DE ARRANQUE,A2-2007-HD021,,,,,DO,Sink 24 VDC,GAB-001,PLC-001,EST-001,,SI,NO,NO,
XC-BOM010,VFD-010,CCM,F-015,L_Cerr_VFD3,BOMBA DE LODOS SED PRIM BOM-010,COMANDO DE PARO,A2-2007-HD021,,,,,DO,Sink 24 VDC,GAB-001,PLC-001,EST-001,,SI,NO,NO,
XS-BOM010,VFD-010,CCM,F-015,L_Cerr_VFD3,BOMBA DE LODOS SED PRIM BOM-010,CONSIGNA DE VELOCIDAD,A2-2007-HD021,,,,%,AO,4-20 mA,GAB-001,PLC-001,EST-001,,NO,SI,SI,
XO-BOM011,VFD-011,CCM,F-015,L_Cerr_VFD3,BOMBA DE LODOS SED PRIM BOM-011,COMANDO DE ARRANQUE,A2-2007-HD021,,,,,DO,Sink 24 VDC,GAB-001,PLC-001,EST-001,,SI,NO,NO,
XC-BOM011,VFD-011,CCM,F-015,L_Cerr_VFD3,BOMBA DE LODOS SED PRIM BOM-011,COMANDO DE PARO,A2-2007-HD021,,,,,DO,Sink 24 VDC,GAB-001,PLC-001,EST-001,,SI,NO,NO,
XS-BOM011,VFD-011,CCM,F-015,L_Cerr_VFD3,BOMBA DE LODOS SED PRIM BOM-011,CONSIGNA DE VELOCIDAD,A2-2007-HD021,,,,%,AO,4-20 mA,GAB-001,PLC-001,EST-001,,NO,SI,SI,
XO-BOM012,VFD-012,CCM,F-015,L_Cerr_VFD3,BOMBA DE LODOS SED PRIM BOM-012,COMANDO DE ARRANQUE,A2-2007-HD021,,,,,DO,Sink 24 VDC,GAB-001,PLC-001,EST-001,,SI,NO,NO,
XC-BOM012,VFD-012,CCM,F-015,L_Cerr_VFD3,BOMBA DE LODOS SED PRIM BOM-012,COMANDO DE PARO,A2-2007-HD021,,,,,DO,Sink 24 VDC,GAB-001,PLC-001,EST-001,,SI,NO,NO,
XS-BOM012,VFD-012,CCM,F-015,L_Cerr_VFD3,BOMBA DE LODOS SED PRIM BOM-012,CONSIGNA DE VELOCIDAD,A2-2007-HD021,,,,%,AO,4-20 mA,GAB-001,PLC-001,EST-001,,NO,SI,SI,
FI-015,FIT-015,FLD,F-015,L_Cerr_VFD3,LODOS DE SED PRIM A MESAS ESPESADORAS,INDICACION DE FLUJO INSTANTANEO,A2-2008-HD018,HOLD,HOLD,,HOLD,AI,4-20 mA,JBI-006,PLC-002,EST-001,,NO,SI,SI,
FALL-015,FIT-015,FLD,F-015,L_Cerr_VFD3,LODOS DE SED PRIM A MESAS ESPESADORAS,ALARMA POR MUY BAJO FLUJO,A2-2008-HD018,,,HOLD,HOLD,S,,NA,NA,NA,,SI,NO,NO,
FI-501,FIT-501,FLD,F-501,Sup_Analoga,AGUA DE SERV BAJA PRESION CABEZAL DESCARGA BOM-031/032,INDICACION DE FLUJO INSTANTANEO,A2-2008-HD022-01,HOLD,HOLD,,HOLD,AI,4-20 mA,JBI-003,PLC-001,EST-001,,NO,SI,SI,
FI-502,FIT-502,FLD,F-501,Sup_Analoga,AGUA DE SERV ALTA PRESION CABEZAL DESCARGA BOM-033/034,INDICACION DE FLUJO INSTANTANEO,A2-2008-HD022-01,HOLD,HOLD,,HOLD,AI,4-20 mA,JBI-003,PLC-001,EST-001,,NO,SI,SI,
XO-FCV001,FCV-001,FLD,FV-001,Cntr_MOV,AGUA RESIDUAL A PCOMP-001,COMANDO DE APERTURA,A2-2007-HD019,,,,,DO,Sink 24 VDC,JBI-002,PLC-001,EST-001,,SI,NO,NO,
XC-FCV001,FCV-001,FLD,FV-001,Cntr_MOV,AGUA RESIDUAL A PCOMP-001,COMANDO DE CIERRE,A2-2007-HD019,,,,,DO,Sink 24 VDC,JBI-002,PLC-001,EST-001,,SI,NO,NO,
ZIO-FCV001,FCV-001,FLD,FV-001,Cntr_MOV,AGUA RESIDUAL A PCOMP-001,STATUS VALVULA ABIERTA,A2-2007-HD019,,,,,DI,Sink 24 VDC,JBI-002,PLC-001,EST-001,I-06,SI,NO,NO,
ZIC-FCV001,FCV-001,FLD,FV-001,Cntr_MOV,AGUA RESIDUAL A PCOMP-001,STATUS VALVULA CERRADA,A2-2007-HD019,,,,,DI,Sink 24 VDC,JBI-002,PLC-001,EST-001,I-06,SI,NO,NO,
XLR-FCV001,FCV-001,FLD,FV-001,Cntr_MOV,AGUA RESIDUAL A PCOMP-001,STATUS MODO LOCAL/REMOTO,A2-2007-HD019,,,,,DI,Sink 24 VDC,JBI-002,PLC-001,EST-001,,SI,NO,NO,
XO-FCV002,FCV-002,FLD,FV-002,Cntr_MOV,AGUA RESIDUAL A PCOMP-002,COMANDO DE APERTURA,A2-2007-HD019,,,,,DO,Sink 24 VDC,JBI-002,PLC-001,EST-001,,SI,NO,NO,
XC-FCV002,FCV-002,FLD,FV-002,Cntr_MOV,AGUA RESIDUAL A PCOMP-002,COMANDO DE CIERRE,A2-2007-HD019,,,,,DO,Sink 24 VDC,JBI-002,PLC-001,EST-001,,SI,NO,NO,
ZIO-FCV002,FCV-002,FLD,FV-002,Cntr_MOV,AGUA RESIDUAL A PCOMP-002,STATUS VALVULA ABIERTA,A2-2007-HD019,,,,,DI,Sink 24 VDC,JBI-002,PLC-001,EST-001,I-07,SI,NO,NO,
ZIC-FCV002,FCV-002,FLD,FV-002,Cntr_MOV,AGUA RESIDUAL A PCOMP-002,STATUS VALVULA CERRADA,A2-2007-HD019,,,,,DI,Sink 24 VDC,JBI-002,PLC-001,EST-001,I-07,SI,NO,NO,
XLR-FCV002,FCV-002,FLD,FV-002,Cntr_MOV,AGUA RESIDUAL A PCOMP-002,STATUS MODO LOCAL/REMOTO,A2-2007-HD019,,,,,DI,Sink 24 VDC,JBI-002,PLC-001,EST-001,,SI,NO,NO,
XO-FCV003,FCV-003,FLD,FV-003,Cntr_MOV,AGUA RESIDUAL A PCOMP-003,COMANDO DE APERTURA,A2-2007-HD019,,,,,DO,Sink 24 VDC,JBI-002,PLC-001,EST-001,,SI,NO,NO,
XC-FCV003,FCV-003,FLD,FV-003,Cntr_MOV,AGUA RESIDUAL A PCOMP-003,COMANDO DE CIERRE,A2-2007-HD019,,,,,DO,Sink 24 VDC,JBI-002,PLC-001,EST-001,,SI,NO,NO,
ZIO-FCV003,FCV-003,FLD,FV-003,Cntr_MOV,AGUA RESIDUAL A PCOMP-003,STATUS VALVULA ABIERTA,A2-2007-HD019,,,,,DI,Sink 24 VDC,JBI-002,PLC-001,EST-001,I-08,SI,NO,NO,
ZIC-FCV003,FCV-003,FLD,FV-003,Cntr_MOV,AGUA RESIDUAL A PCOMP-003,STATUS VALVULA CERRADA,A2-2007-HD019,,,,,DI,Sink 24 VDC,JBI-002,PLC-001,EST-001,I-08,SI,NO,NO,
XLR-FCV003,FCV-003,FLD,FV-003,Cntr_MOV,AGUA RESIDUAL A PCOMP-003,STATUS MODO LOCAL/REMOTO,A2-2007-HD019,,,,,DI,Sink 24 VDC,JBI-002,PLC-001,EST-001,,SI,NO,NO,
XO-FCV004,FCV-004,FLD,FV-004,Cntr_MOV,AGUAS HACIA CAJA DE DISTRIBUCION CAJADIS-001,COMANDO DE APERTURA,A2-2007-HD019,,,,,DO,Sink 24 VDC,JBI-002,PLC-001,EST-001,,SI,NO,NO,
XC-FCV004,FCV-004,FLD,FV-004,Cntr_MOV,AGUAS HACIA CAJA DE DISTRIBUCION CAJADIS-001,COMANDO DE CIERRE,A2-2007-HD019,,,,,DO,Sink 24 VDC,JBI-002,PLC-001,EST-001,,SI,NO,NO,
ZIO-FCV004,FCV-004,FLD,FV-004,Cntr_MOV,AGUAS HACIA CAJA DE DISTRIBUCION CAJADIS-001,STATUS VALVULA ABIERTA,A2-2007-HD019,,,,,DI,Sink 24 VDC,JBI-002,PLC-001,EST-001,I-06/07/08,SI,NO,NO,
ZIC-FCV004,FCV-004,FLD,FV-004,Cntr_MOV,AGUAS HACIA CAJA DE DISTRIBUCION CAJADIS-001,STATUS VALVULA CERRADA,A2-2007-HD019,,,,,DI,Sink 24 VDC,JBI-002,PLC-001,EST-001,I-06/07/08,SI,NO,NO,
XLR-FCV004,FCV-004,FLD,FV-004,Cntr_MOV,AGUAS HACIA CAJA DE DISTRIBUCION CAJADIS-001,STATUS MODO LOCAL/REMOTO,A2-2007-HD019,,,,,DI,Sink 24 VDC,JBI-002,PLC-001,EST-001,,SI,NO,NO,
XO-FCV005,FCV-005,FLD,FV-005,Cntr_MOV,AGUA DESDE CAJADIS-001 HACIA SEDP-003,COMANDO DE APERTURA,A2-2007-HD021,,,,,DO,Sink 24 VDC,JBI-004,PLC-001,EST-001,,SI,NO,NO,
XC-FCV005,FCV-005,FLD,FV-005,Cntr_MOV,AGUA DESDE CAJADIS-001 HACIA SEDP-003,COMANDO DE CIERRE,A2-2007-HD021,,,,,DO,Sink 24 VDC,JBI-004,PLC-001,EST-001,,SI,NO,NO,
ZIO-FCV005,FCV-005,FLD,FV-005,Cntr_MOV,AGUA DESDE CAJADIS-001 HACIA SEDP-003,STATUS VALVULA ABIERTA,A2-2007-HD021,,,,,DI,Sink 24 VDC,JBI-004,PLC-001,EST-001,,SI,NO,NO,
ZIC-FCV005,FCV-005,FLD,FV-005,Cntr_MOV,AGUA DESDE CAJADIS-001 HACIA SEDP-003,STATUS VALVULA CERRADA,A2-2007-HD021,,,,,DI,Sink 24 VDC,JBI-004,PLC-001,EST-001,,SI,NO,NO,
XLR-FCV005,FCV-005,FLD,FV-005,Cntr_MOV,AGUA DESDE CAJADIS-001 HACIA SEDP-003,STATUS MODO LOCAL/REMOTO,A2-2007-HD021,,,,,DI,Sink 24 VDC,JBI-004,PLC-001,EST-001,,SI,NO,NO,
XO-FCV006,FCV-006,FLD,FV-006,Cntr_MOV,AGUA DESDE CAJADIS-001 HACIA SEDP-002,COMANDO DE APERTURA,A2-2007-HD021,,,,,DO,Sink 24 VDC,JBI-004,PLC-001,EST-001,,SI,NO,NO,
XC-FCV006,FCV-006,FLD,FV-006,Cntr_MOV,AGUA DESDE CAJADIS-001 HACIA SEDP-002,COMANDO DE CIERRE,A2-2007-HD021,,,,,DO,Sink 24 VDC,JBI-004,PLC-001,EST-001,,SI,NO,NO,
ZIO-FCV006,FCV-006,FLD,FV-006,Cntr_MOV,AGUA DESDE CAJADIS-001 HACIA SEDP-002,STATUS VALVULA ABIERTA,A2-2007-HD021,,,,,DI,Sink 24 VDC,JBI-004,PLC-001,EST-001,,SI,NO,NO,
ZIC-FCV006,FCV-006,FLD,FV-006,Cntr_MOV,AGUA DESDE CAJADIS-001 HACIA SEDP-002,STATUS VALVULA CERRADA,A2-2007-HD021,,,,,DI,Sink 24 VDC,JBI-004,PLC-001,EST-001,,SI,NO,NO,
XLR-FCV006,FCV-006,FLD,FV-006,Cntr_MOV,AGUA DESDE CAJADIS-001 HACIA SEDP-002,STATUS MODO LOCAL/REMOTO,A2-2007-HD021,,,,,DI,Sink 24 VDC,JBI-004,PLC-001,EST-001,,SI,NO,NO,
XO-FCV007,FCV-007,FLD,FV-007,Cntr_MOV,AGUA DESDE CAJADIS-001 HACIA SEDP-001,COMANDO DE APERTURA,A2-2007-HD021,,,,,DO,Sink 24 VDC,JBI-004,PLC-001,EST-001,,SI,NO,NO,
XC-FCV007,FCV-007,FLD,FV-007,Cntr_MOV,AGUA DESDE CAJADIS-001 HACIA SEDP-001,COMANDO DE CIERRE,A2-2007-HD021,,,,,DO,Sink 24 VDC,JBI-004,PLC-001,EST-001,,SI,NO,NO,
ZIO-FCV007,FCV-007,FLD,FV-007,Cntr_MOV,AGUA DESDE CAJADIS-001 HACIA SEDP-001,STATUS VALVULA ABIERTA,A2-2007-HD021,,,,,DI,Sink 24 VDC,JBI-004,PLC-001,EST-001,,SI,NO,NO,
ZIC-FCV007,FCV-007,FLD,FV-007,Cntr_MOV,AGUA DESDE CAJADIS-001 HACIA SEDP-001,STATUS VALVULA CERRADA,A2-2007-HD021,,,,,DI,Sink 24 VDC,JBI-004,PLC-001,EST-001,,SI,NO,NO,
XLR-FCV007,FCV-007,FLD,FV-007,Cntr_MOV,AGUA DESDE CAJADIS-001 HACIA SEDP-001,STATUS MODO LOCAL/REMOTO,A2-2007-HD021,,,,,DI,Sink 24 VDC,JBI-004,PLC-001,EST-001,,SI,NO,NO,
XO-FCV008,FCV-008,FLD,FV-008,Cntr_MOV,AGUA BY PASS DE SEDIMENTADORES A CAJADIS-002,COMANDO DE APERTURA,A2-2007-HD021,,,,,DO,Sink 24 VDC,JBI-004,PLC-001,EST-001,,SI,NO,NO,
XC-FCV008,FCV-008,FLD,FV-008,Cntr_MOV,AGUA BY PASS DE SEDIMENTADORES A CAJADIS-002,COMANDO DE CIERRE,A2-2007-HD021,,,,,DO,Sink 24 VDC,JBI-004,PLC-001,EST-001,,SI,NO,NO,
ZIO-FCV008,FCV-008,FLD,FV-008,Cntr_MOV,AGUA BY PASS DE SEDIMENTADORES A CAJADIS-002,STATUS VALVULA ABIERTA,A2-2007-HD021,,,,,DI,Sink 24 VDC,JBI-004,PLC-001,EST-001,,SI,NO,NO,
ZIC-FCV008,FCV-008,FLD,FV-008,Cntr_MOV,AGUA BY PASS DE SEDIMENTADORES A CAJADIS-002,STATUS VALVULA CERRADA,A2-2007-HD021,,,,,DI,Sink 24 VDC,JBI-004,PLC-001,EST-001,,SI,NO,NO,
XLR-FCV008,FCV-008,FLD,FV-008,Cntr_MOV,AGUA BY PASS DE SEDIMENTADORES A CAJADIS-002,STATUS MODO LOCAL/REMOTO,A2-2007-HD021,,,,,DI,Sink 24 VDC,JBI-004,PLC-001,EST-001,,SI,NO,NO,
XO-FCV009,FCV-009,FLD,FV-009,Cntr_MOV,LODOS DE SED SEC A MESAS ESPESADORAS,COMANDO DE APERTURA,A2-2007-HD018,,,,,DO,Sink 24 VDC,JBI-006,PLC-002,EST-001,,SI,NO,NO,
XC-FCV009,FCV-009,FLD,FV-009,Cntr_MOV,LODOS DE SED SEC A MESAS ESPESADORAS,COMANDO DE CIERRE,A2-2007-HD018,,,,,DO,Sink 24 VDC,JBI-006,PLC-002,EST-001,,SI,NO,NO,
ZIO-FCV009,FCV-009,FLD,FV-009,Cntr_MOV,LODOS DE SED SEC A MESAS ESPESADORAS,STATUS VALVULA ABIERTA,A2-2007-HD018,,,,,DI,Sink 24 VDC,JBI-006,PLC-002,EST-001,I-17/18/19,SI,NO,NO,
ZIC-FCV009,FCV-009,FLD,FV-009,Cntr_MOV,LODOS DE SED SEC A MESAS ESPESADORAS,STATUS VALVULA CERRADA,A2-2007-HD018,,,,,DI,Sink 24 VDC,JBI-006,PLC-002,EST-001,I-17/18/19,SI,NO,NO,
XLR-FCV009,FCV-009,FLD,FV-009,Cntr_MOV,LODOS DE SED SEC A MESAS ESPESADORAS,STATUS MODO LOCAL/REMOTO,A2-2007-HD018,,,,,DI,Sink 24 VDC,JBI-006,PLC-002,EST-001,,SI,NO,NO,
XO-FCV010,FCV-010,FLD,FV-010,Cntr_MOV,LODOS DE SED PRIM A MESAS ESPESADORAS,COMANDO DE APERTURA,A2-2007-HD018,,,,,DO,Sink 24 VDC,JBI-006,PLC-002,EST-001,,SI,NO,NO,
XC-FCV010,FCV-010,FLD,FV-010,Cntr_MOV,LODOS DE SED PRIM A MESAS ESPESADORAS,COMANDO DE CIERRE,A2-2007-HD018,,,,,DO,Sink 24 VDC,JBI-006,PLC-002,EST-001,,SI,NO,NO,
ZIO-FCV010,FCV-010,FLD,FV-010,Cntr_MOV,LODOS DE SED PRIM A MESAS ESPESADORAS,STATUS VALVULA ABIERTA,A2-2007-HD018,,,,,DI,Sink 24 VDC,JBI-006,PLC-002,EST-001,I-11/12/13,SI,NO,NO,
ZIC-FCV010,FCV-010,FLD,FV-010,Cntr_MOV,LODOS DE SED PRIM A MESAS ESPESADORAS,STATUS VALVULA CERRADA,A2-2007-HD018,,,,,DI,Sink 24 VDC,JBI-006,PLC-002,EST-001,I-11/12/13,SI,NO,NO,
XLR-FCV010,FCV-010,FLD,FV-010,Cntr_MOV,LODOS DE SED PRIM A MESAS ESPESADORAS,STATUS MODO LOCAL/REMOTO,A2-2007-HD018,,,,,DI,Sink 24 VDC,JBI-006,PLC-002,EST-001,,SI,NO,NO,
XO-FCV011,FCV-011,FLD,FV-011,Cntr_MOV,LODOS DE SED SEC HACIA MESA ESP MESP-002/003,COMANDO DE APERTURA,A2-2008-HD018,,,,,DO,Sink 24 VDC,JBI-006,PLC-002,EST-001,,SI,NO,NO,
XC-FCV011,FCV-011,FLD,FV-011,Cntr_MOV,LODOS DE SED SEC HACIA MESA ESP MESP-002/003,COMANDO DE CIERRE,A2-2008-HD018,,,,,DO,Sink 24 VDC,JBI-006,PLC-002,EST-001,,SI,NO,NO,
ZIO-FCV011,FCV-011,FLD,FV-011,Cntr_MOV,LODOS DE SED SEC HACIA MESA ESP MESP-002/003,STATUS VALVULA ABIERTA,A2-2008-HD018,,,,,DI,Sink 24 VDC,JBI-006,PLC-002,EST-001,,SI,NO,NO,
ZIC-FCV011,FCV-011,FLD,FV-011,Cntr_MOV,LODOS DE SED SEC HACIA MESA ESP MESP-002/003,STATUS VALVULA CERRADA,A2-2008-HD018,,,,,DI,Sink 24 VDC,JBI-006,PLC-002,EST-001,,SI,NO,NO,
XLR-FCV011,FCV-011,FLD,FV-011,Cntr_MOV,LODOS DE SED SEC HACIA MESA ESP MESP-002/003,STATUS MODO LOCAL/REMOTO,A2-2008-HD018,,,,,DI,Sink 24 VDC,JBI-006,PLC-002,EST-001,,SI,NO,NO,
XO-FCV022,FCV-022,FLD,FV-022,Cntr_MOV,CAL PREPARADA DE SCAL-001 HACIA BOMBAS BOM-026/027,COMANDO DE APERTURA,A2-2008-HD021,,,,,DO,Sink 24 VDC,JBI-006,PLC-002,EST-001,I-37,SI,NO,NO,
XC-FCV022,FCV-022,FLD,FV-022,Cntr_MOV,CAL PREPARADA DE SCAL-001 HACIA BOMBAS BOM-026/027,COMANDO DE CIERRE,A2-2008-HD021,,,,,DO,Sink 24 VDC,JBI-006,PLC-002,EST-001,,SI,NO,NO,
ZIO-FCV022,FCV-022,FLD,FV-022,Cntr_MOV,CAL PREPARADA DE SCAL-001 HACIA BOMBAS BOM-026/027,STATUS VALVULA ABIERTA,A2-2008-HD021,,,,,DI,Sink 24 VDC,JBI-006,PLC-002,EST-001,I-21,SI,NO,NO,
ZIC-FCV022,FCV-022,FLD,FV-022,Cntr_MOV,CAL PREPARADA DE SCAL-001 HACIA BOMBAS BOM-026/027,STATUS VALVULA CERRADA,A2-2008-HD021,,,,,DI,Sink 24 VDC,JBI-006,PLC-002,EST-001,I-21,SI,NO,NO,
XLR-FCV022,FCV-022,FLD,FV-022,Cntr_MOV,CAL PREPARADA DE SCAL-001 HACIA BOMBAS BOM-026/027,STATUS MODO LOCAL/REMOTO,A2-2008-HD021,,,,,DI,Sink 24 VDC,JBI-006,PLC-002,EST-001,,SI,NO,NO,
XO-FCV025,FCV-025,FLD,FV-025,Cntr_MOV,CAL PREPARADA DE SCAL-002 HACIA BOMBAS BOM-026/027,COMANDO DE APERTURA,A2-2008-HD021,,,,,DO,Sink 24 VDC,JBI-006,PLC-002,EST-001,I-38,SI,NO,NO,
XC-FCV025,FCV-025,FLD,FV-025,Cntr_MOV,CAL PREPARADA DE SCAL-002 HACIA BOMBAS BOM-026/027,COMANDO DE CIERRE,A2-2008-HD021,,,,,DO,Sink 24 VDC,JBI-006,PLC-002,EST-001,,SI,NO,NO,
ZIO-FCV025,FCV-025,FLD,FV-025,Cntr_MOV,CAL PREPARADA DE SCAL-002 HACIA BOMBAS BOM-026/027,STATUS VALVULA ABIERTA,A2-2008-HD021,,,,,DI,Sink 24 VDC,JBI-006,PLC-002,EST-001,I-22,SI,NO,NO,
ZIC-FCV025,FCV-025,FLD,FV-025,Cntr_MOV,CAL PREPARADA DE SCAL-002 HACIA BOMBAS BOM-026/027,STATUS VALVULA CERRADA,A2-2008-HD021,,,,,DI,Sink 24 VDC,JBI-006,PLC-002,EST-001,I-22,SI,NO,NO,
XLR-FCV025,FCV-025,FLD,FV-025,Cntr_MOV,CAL PREPARADA DE SCAL-002 HACIA BOMBAS BOM-026/027,STATUS MODO LOCAL/REMOTO,A2-2008-HD021,,,,,DI,Sink 24 VDC,JBI-006,PLC-002,EST-001,,SI,NO,NO,
XO-KV001,KV-001,FLD,K-001,Cntr_MOV,AGUA RESIDUAL A PLANTAS COMPACTAS,COMANDO DE APERTURA,A2-2007-HD020,,,,,DO,Sink 24 VDC,JBI-001,PLC-001,EST-001,,SI,NO,NO,
XC-KV001,KV-001,FLD,K-001,Cntr_MOV,AGUA RESIDUAL A PLANTAS COMPACTAS,COMANDO DE CIERRE,A2-2007-HD020,,,,,DO,Sink 24 VDC,JBI-001,PLC-001,EST-001,,SI,NO,NO,
ZIO-KV001,KV-001,FLD,K-001,Cntr_MOV,AGUA RESIDUAL A PLANTAS COMPACTAS,STATUS VALVULA ABIERTA,A2-2007-HD020,,,,,DI,Sink 24 VDC,JBI-001,PLC-001,EST-001,I-02,SI,NO,NO,
ZIC-KV001,KV-001,FLD,K-001,Cntr_MOV,AGUA RESIDUAL A PLANTAS COMPACTAS,STATUS VALVULA CERRADA,A2-2007-HD020,,,,,DI,Sink 24 VDC,JBI-001,PLC-001,EST-001,I-02,SI,NO,NO,
XLR-KV001,KV-001,FLD,K-001,Cntr_MOV,AGUA RESIDUAL A PLANTAS COMPACTAS,STATUS MODO LOCAL/REMOTO,A2-2007-HD020,,,,,DI,Sink 24 VDC,JBI-001,PLC-001,EST-001,,SI,NO,NO,
XO-KV002,KV-002,FLD,K-002,Cntr_MOV,AGUA RESIDUAL A PLANTAS COMPACTAS,COMANDO DE APERTURA,A2-2007-HD020,,,,,DO,Sink 24 VDC,JBI-001,PLC-001,EST-001,,SI,NO,NO,
XC-KV002,KV-002,FLD,K-002,Cntr_MOV,AGUA RESIDUAL A PLANTAS COMPACTAS,COMANDO DE CIERRE,A2-2007-HD020,,,,,DO,Sink 24 VDC,JBI-001,PLC-001,EST-001,,SI,NO,NO,
ZIO-KV002,KV-002,FLD,K-002,Cntr_MOV,AGUA RESIDUAL A PLANTAS COMPACTAS,STATUS VALVULA ABIERTA,A2-2007-HD020,,,,,DI,Sink 24 VDC,JBI-001,PLC-001,EST-001,I-03,SI,NO,NO,
ZIC-KV002,KV-002,FLD,K-002,Cntr_MOV,AGUA RESIDUAL A PLANTAS COMPACTAS,STATUS VALVULA CERRADA,A2-2007-HD020,,,,,DI,Sink 24 VDC,JBI-001,PLC-001,EST-001,I-03,SI,NO,NO,
XLR-KV002,KV-002,FLD,K-002,Cntr_MOV,AGUA RESIDUAL A PLANTAS COMPACTAS,STATUS MODO LOCAL/REMOTO,A2-2007-HD020,,,,,DI,Sink 24 VDC,JBI-001,PLC-001,EST-001,,SI,NO,NO,
XO-KV003,KV-003,FLD,K-003,Cntr_MOV,AGUA RESIDUAL A PLANTAS COMPACTAS,COMANDO DE APERTURA,A2-2007-HD020,,,,,DO,Sink 24 VDC,JBI-001,PLC-001,EST-001,,SI,NO,NO,
XC-KV003,KV-003,FLD,K-003,Cntr_MOV,AGUA RESIDUAL A PLANTAS COMPACTAS,COMANDO DE CIERRE,A2-2007-HD020,,,,,DO,Sink 24 VDC,JBI-001,PLC-001,EST-001,,SI,NO,NO,
ZIO-KV003,KV-003,FLD,K-003,Cntr_MOV,AGUA RESIDUAL A PLANTAS COMPACTAS,STATUS VALVULA ABIERTA,A2-2007-HD020,,,,,DI,Sink 24 VDC,JBI-001,PLC-001,EST-001,I-04,SI,NO,NO,
ZIC-KV003,KV-003,FLD,K-003,Cntr_MOV,AGUA RESIDUAL A PLANTAS COMPACTAS,STATUS VALVULA CERRADA,A2-2007-HD020,,,,,DI,Sink 24 VDC,JBI-001,PLC-001,EST-001,I-04,SI,NO,NO,
XLR-KV003,KV-003,FLD,K-003,Cntr_MOV,AGUA RESIDUAL A PLANTAS COMPACTAS,STATUS MODO LOCAL/REMOTO,A2-2007-HD020,,,,,DI,Sink 24 VDC,JBI-001,PLC-001,EST-001,,SI,NO,NO,
XO-KV004,KV-004,FLD,K-004,Cntr_MOV,AGUA RESIDUAL A PLANTAS COMPACTAS,COMANDO DE APERTURA,A2-2007-HD020,,,,,DO,Sink 24 VDC,JBI-001,PLC-001,EST-001,,SI,NO,NO,
XC-KV004,KV-004,FLD,K-004,Cntr_MOV,AGUA RESIDUAL A PLANTAS COMPACTAS,COMANDO DE CIERRE,A2-2007-HD020,,,,,DO,Sink 24 VDC,JBI-001,PLC-001,EST-001,,SI,NO,NO,
ZIO-KV004,KV-004,FLD,K-004,Cntr_MOV,AGUA RESIDUAL A PLANTAS COMPACTAS,STATUS VALVULA ABIERTA,A2-2007-HD020,,,,,DI,Sink 24 VDC,JBI-001,PLC-001,EST-001,I-05,SI,NO,NO,
ZIC-KV004,KV-004,FLD,K-004,Cntr_MOV,AGUA RESIDUAL A PLANTAS COMPACTAS,STATUS VALVULA CERRADA,A2-2007-HD020,,,,,DI,Sink 24 VDC,JBI-001,PLC-001,EST-001,I-05,SI,NO,NO,
XLR-KV004,KV-004,FLD,K-004,Cntr_MOV,AGUA RESIDUAL A PLANTAS COMPACTAS,STATUS MODO LOCAL/REMOTO,A2-2007-HD020,,,,,DI,Sink 24 VDC,JBI-001,PLC-001,EST-001,,SI,NO,NO,
LI-001,LIT-001,FLD,L-001,L_cerr_paq,ENTRADA CANAL DE CRIBADO PPAL,INDICACION DE NIVEL,A2-2007-HD020,HOLD,HOLD,,HOLD,AI,4-20 mA,JBI-001,PLC-001,EST-001,,NO,SI,SI,
LAH-001A,LIT-001,FLD,L-001,L_cerr_paq,ENTRADA CANAL DE CRIBADO PPAL,ALARMA ALTO NIVEL,A2-2007-HD020,,,HOLD,HOLD,S,,NA,NA,NA,,SI,NO,NO,
LAL-001A,LIT-001,FLD,L-001,L_cerr_paq,ENTRADA CANAL DE CRIBADO PPAL,ALARMA BAJO NIVEL,A2-2007-HD020,,,HOLD,HOLD,S,,NA,NA,NA,,SI,NO,NO,
LI-002,LIT-002,FLD,L-001,L_cerr_paq,SALIDA CANAL DE CRIBADO PPAL,INDICACION DE NIVEL,A2-2007-HD020,HOLD,HOLD,,HOLD,AI,4-20 mA,JBI-001,PLC-001,EST-001,,NO,SI,SI,
LI-003,LIT-003,FLD,L-003,Sup_Analoga_d,ENTRADA CANAL DE CRIBADO SEC,INDICACION DE NIVEL,A2-2007-HD020,HOLD,HOLD,,HOLD,AI,4-20 mA,JBI-001,PLC-001,EST-001,,NO,SI,SI,
LAH-003A,LIT-003,FLD,L-003,Sup_Analoga_d,ENTRADA CANAL DE CRIBADO SEC,ALARMA ALTO NIVEL,A2-2007-HD020,,,HOLD,HOLD,S,,NA,NA,NA,,SI,NO,NO,
LAL-003A,LIT-003,FLD,L-003,Sup_Analoga_d,ENTRADA CANAL DE CRIBADO SEC,ALARMA BAJO NIVEL,A2-2007-HD020,,,HOLD,HOLD,S,,NA,NA,NA,,SI,NO,NO,
LI-004,LIT-004,FLD,L-003,Sup_Analoga_d,SALIDA CANAL DE CRIBADO SEC,INDICACION DE NIVEL,A2-2007-HD020,HOLD,HOLD,,HOLD,AI,4-20 mA,JBI-001,PLC-001,EST-001,,NO,SI,SI,
LI-005,LIT-005,FLD,L-005,L_Cerr_VFD4,POZO DE SUCCION DE BOM-001/002/003/004,INDICACION DE NIVEL,A2-2007-HD020,HOLD,HOLD,,HOLD,AI,4-20 mA,JBI-001,PLC-001,EST-001,,NO,SI,SI,
LAH-005A,LIT-005,FLD,L-005,L_Cerr_VFD4,POZO DE SUCCION DE BOM-001/002/003/004,ALARMA ALTO NIVEL,A2-2007-HD020,,,HOLD,HOLD,S,,NA,NA,NA,,SI,NO,NO,
LAL-005A,LIT-005,FLD,L-005,L_Cerr_VFD4,POZO DE SUCCION DE BOM-001/002/003/004,ALARMA BAJO NIVEL,A2-2007-HD020,,,HOLD,HOLD,S,,NA,NA,NA,I-02/03/04/05,SI,NO,NO,
XO-BOM001,VFD-001,CCM,L-005,L_Cerr_VFD4,BOMBA AGUA RESIDUAL SALIDA PRETRATAMIENTO BOM-001,COMANDO DE ARRANQUE,A2-2007-HD020,,,,,DO,Sink 24 VDC,GAB-001,PLC-001,EST-001,,SI,NO,NO,
XC-BOM001,VFD-001,CCM,L-005,L_Cerr_VFD4,BOMBA AGUA RESIDUAL SALIDA PRETRATAMIENTO BOM-001,COMANDO DE PARO,A2-2007-HD020,,,,,DO,Sink 24 VDC,GAB-001,PLC-001,EST-001,,SI,NO,NO,
XS-BOM001,VFD-001,CCM,L-005,L_Cerr_VFD4,BOMBA AGUA RESIDUAL SALIDA PRETRATAMIENTO BOM-001,CONSIGNA DE VELOCIDAD,A2-2007-HD020,,,,%,AO,4-20 mA,GAB-001,PLC-001,EST-001,,NO,SI,SI,
XO-BOM002,VFD-002,CCM,L-005,L_Cerr_VFD4,BOMBA AGUA RESIDUAL SALIDA PRETRATAMIENTO BOM-002,COMANDO DE ARRANQUE,A2-2007-HD020,,,,,DO,Sink 24 VDC,GAB-001,PLC-001,EST-001,,SI,NO,NO,
XC-BOM002,VFD-002,CCM,L-005,L_Cerr_VFD4,BOMBA AGUA RESIDUAL SALIDA PRETRATAMIENTO BOM-002,COMANDO DE PARO,A2-2007-HD020,,,,,DO,Sink 24 VDC,GAB-001,PLC-001,EST-001,,SI,NO,NO,
XS-BOM002,VFD-002,CCM,L-005,L_Cerr_VFD4,BOMBA AGUA RESIDUAL SALIDA PRETRATAMIENTO BOM-002,CONSIGNA DE VELOCIDAD,A2-2007-HD020,,,,%,AO,4-20 mA,GAB-001,PLC-001,EST-001,,NO,SI,SI,
XO-BOM003,VFD-003,CCM,L-005,L_Cerr_VFD4,BOMBA AGUA RESIDUAL SALIDA PRETRATAMIENTO BOM-003,COMANDO DE ARRANQUE,A2-2007-HD020,,,,,DO,Sink 24 VDC,GAB-001,PLC-001,EST-001,,SI,NO,NO,
XC-BOM003,VFD-003,CCM,L-005,L_Cerr_VFD4,BOMBA AGUA RESIDUAL SALIDA PRETRATAMIENTO BOM-003,COMANDO DE PARO,A2-2007-HD020,,,,,DO,Sink 24 VDC,GAB-001,PLC-001,EST-001,,SI,NO,NO,
XS-BOM003,VFD-003,CCM,L-005,L_Cerr_VFD4,BOMBA AGUA RESIDUAL SALIDA PRETRATAMIENTO BOM-003,CONSIGNA DE VELOCIDAD,A2-2007-HD020,,,,%,AO,4-20 mA,GAB-001,PLC-001,EST-001,,NO,SI,SI,
XO-BOM004,VFD-004,CCM,L-005,L_Cerr_VFD4,BOMBA AGUA RESIDUAL SALIDA PRETRATAMIENTO BOM-004,COMANDO DE ARRANQUE,A2-2007-HD020,,,,,DO,Sink 24 VDC,GAB-001,PLC-001,EST-001,,SI,NO,NO,
XC-BOM004,VFD-004,CCM,L-005,L_Cerr_VFD4,BOMBA AGUA RESIDUAL SALIDA PRETRATAMIENTO BOM-004,COMANDO DE PARO,A2-2007-HD020,,,,,DO,Sink 24 VDC,GAB-001,PLC-001,EST-001,,SI,NO,NO,
XS-BOM004,VFD-004,CCM,L-005,L_Cerr_VFD4,BOMBA AGUA RESIDUAL SALIDA PRETRATAMIENTO BOM-004,CONSIGNA DE VELOCIDAD,A2-2007-HD020,,,,%,AO,4-20 mA,GAB-001,PLC-001,EST-001,,NO,SI,SI,
LI-006,LIT-006,FLD,L-006,L_Cerr_VFD3,CAJA DE DISTRIBUCION CAJADIS-003,INDICACION DE NIVEL,A2-2007-HD021,HOLD,HOLD,,HOLD,AI,4-20 mA,JBI-005,PLC-002,EST-001,,NO,SI,SI,
LAL-006,LIT-006,FLD,L-006,L_Cerr_VFD3,CAJA DE DISTRIBUCION CAJADIS-003,ALARMA POR BAJO NIVEL,A2-2007-HD021,,,HOLD,HOLD,S,,NA,NA,NA,I-14/15/16,SI,NO,NO,
LAH-006,LIT-006,FLD,L-006,L_Cerr_VFD3,CAJA DE DISTRIBUCION CAJADIS-003,ALARMA POR ALTO NIVEL,A2-2007-HD021,,,HOLD,HOLD,S,,NA,NA,NA,,SI,NO,NO,
XO-BOM013,VFD-013,CCM,L-006,L_Cerr_VFD3,BOMBA AGUA RECIRCULACION F PERCOLADORES BOM-013,COMANDO DE ARRANQUE,A2-2007-HD021,,,,,DO,Sink 24 VDC,GAB-001,PLC-001,EST-001,,SI,NO,NO,
XC-BOM013,VFD-013,CCM,L-006,L_Cerr_VFD3,BOMBA AGUA RECIRCULACION F PERCOLADORES BOM-013,COMANDO DE PARO,A2-2007-HD021,,,,,DO,Sink 24 VDC,GAB-001,PLC-001,EST-001,,SI,NO,NO,
XS-BOM013,VFD-013,CCM,L-006,L_Cerr_VFD3,BOMBA AGUA RECIRCULACION F PERCOLADORES BOM-013,CONSIGNA DE VELOCIDAD,A2-2007-HD021,,,,%,AO,4-20 mA,GAB-001,PLC-001,EST-001,,NO,SI,SI,
XO-BOM014,VFD-014,CCM,L-006,L_Cerr_VFD3,BOMBA AGUA RECIRCULACION F PERCOLADORES BOM-014,COMANDO DE ARRANQUE,A2-2007-HD021,,,,,DO,Sink 24 VDC,GAB-001,PLC-001,EST-001,,SI,NO,NO,
XC-BOM014,VFD-014,CCM,L-006,L_Cerr_VFD3,BOMBA AGUA RECIRCULACION F PERCOLADORES BOM-014,COMANDO DE PARO,A2-2007-HD021,,,,,DO,Sink 24 VDC,GAB-001,PLC-001,EST-001,,SI,NO,NO,
XS-BOM014,VFD-014,CCM,L-006,L_Cerr_VFD3,BOMBA AGUA RECIRCULACION F PERCOLADORES BOM-014,CONSIGNA DE VELOCIDAD,A2-2007-HD021,,,,%,AO,4-20 mA,GAB-001,PLC-001,EST-001,,NO,SI,SI,
XO-BOM015,VFD-015,CCM,L-006,L_Cerr_VFD3,BOMBA AGUA RECIRCULACION F PERCOLADORES BOM-015,COMANDO DE ARRANQUE,A2-2007-HD021,,,,,DO,Sink 24 VDC,GAB-001,PLC-001,EST-001,,SI,NO,NO,
XC-BOM015,VFD-015,CCM,L-006,L_Cerr_VFD3,BOMBA AGUA RECIRCULACION F PERCOLADORES BOM-015,COMANDO DE PARO,A2-2007-HD021,,,,,DO,Sink 24 VDC,GAB-001,PLC-001,EST-001,,SI,NO,NO,
XS-BOM015,VFD-015,CCM,L-006,L_Cerr_VFD3,BOMBA AGUA RECIRCULACION F PERCOLADORES BOM-015,CONSIGNA DE VELOCIDAD,A2-2007-HD021,,,,%,AO,4-20 mA,GAB-001,PLC-001,EST-001,,NO,SI,SI,
LI-007,LIT-007,FLD,L-007,L_Cerr_VFD2,COLECTOR DE GRASAS SED PRIMARIOS T-004,INDICACION DE NIVEL,A2-2007-HD021,HOLD,HOLD,,HOLD,AI,4-20 mA,JBI-004,PLC-001,EST-001,,NO,SI,SI,
LALL-007,LIT-007,FLD,L-007,L_Cerr_VFD2,COLECTOR DE GRASAS SED PRIMARIOS T-004,ALARMA MUY BAJO NIVEL,A2-2007-HD021,,,HOLD,HOLD,S,,NA,NA,NA,I-09/10,SI,NO,NO,
LAHH-007,LIT-007,FLD,L-007,L_Cerr_VFD2,COLECTOR DE GRASAS SED PRIMARIOS T-004,ALARMA MUY ALTO NIVEL,A2-2007-HD021,,,HOLD,HOLD,S,,NA,NA,NA,,SI,NO,NO,
XO-BOM008,VFD-008,CCM,L-007,L_Cerr_VFD2,BOMBA GRASAS SED PRIMARIOS BOM-008,COMANDO DE ARRANQUE,A2-2007-HD021,,,,,DO,Sink 24 VDC,GAB-001,PLC-001,EST-001,,SI,NO,NO,
XC-BOM008,VFD-008,CCM,L-007,L_Cerr_VFD2,BOMBA GRASAS SED PRIMARIOS BOM-008,COMANDO DE PARO,A2-2007-HD021,,,,,DO,Sink 24 VDC,GAB-001,PLC-001,EST-001,,SI,NO,NO,
XS-BOM008,VFD-008,CCM,L-007,L_Cerr_VFD2,BOMBA GRASAS SED PRIMARIOS BOM-008,CONSIGNA DE VELOCIDAD,A2-2007-HD021,,,,%,AO,4-20 mA,GAB-001,PLC-001,EST-001,,NO,SI,SI,
XO-BOM009,VFD-009,CCM,L-007,L_Cerr_VFD2,BOMBA GRASAS SED PRIMARIOS BOM-009,COMANDO DE ARRANQUE,A2-2007-HD021,,,,,DO,Sink 24 VDC,GAB-001,PLC-001,EST-001,,SI,NO,NO,
XC-BOM009,VFD-009,CCM,L-007,L_Cerr_VFD2,BOMBA GRASAS SED PRIMARIOS BOM-009,COMANDO DE PARO,A2-2007-HD021,,,,,DO,Sink 24 VDC,GAB-001,PLC-001,EST-001,,SI,NO,NO,
XS-BOM009,VFD-009,CCM,L-007,L_Cerr_VFD2,BOMBA GRASAS SED PRIMARIOS BOM-009,CONSIGNA DE VELOCIDAD,A2-2007-HD021,,,,%,AO,4-20 mA,GAB-001,PLC-001,EST-001,,NO,SI,SI,
LI-008,LIT-008,FLD,L-008,L_Cerr_VFD2,COLECTOR DE GRASAS SED SECUNDARIOS T-006,INDICACION DE NIVEL,A2-2007-HD021,HOLD,HOLD,,HOLD,AI,4-20 mA,JBI-005,PLC-002,EST-001,,NO,SI,SI,
LAL-008,LIT-008,FLD,L-008,L_Cerr_VFD2,COLECTOR DE GRASAS SED SECUNDARIOS T-006,ALARMA POR BAJO NIVEL,A2-2007-HD021,,,HOLD,HOLD,DI,Sink 24 VDC,JBI-005,PLC-002,EST-001,I-20,SI,NO,NO,
LAH-008,LIT-008,FLD,L-008,L_Cerr_VFD2,COLECTOR DE GRASAS SED SECUNDARIOS T-006,ALARMA POR ALTO NIVEL,A2-2007-HD021,,,HOLD,HOLD,DI,Sink 24 VDC,JBI-005,PLC-002,EST-001,,SI,NO,NO,
XO-BOM019,VFD-019,CCM,L-008,L_Cerr_VFD2,BOMBA GRASAS SED SECUNDARIOS BOM-019,COMANDO DE ARRANQUE,A2-2008-HD021,,,,,DO,Sink 24 VDC,GAB-002,PLC-002,EST-001,,SI,NO,NO,
XC-BOM019,VFD-019,CCM,L-008,L_Cerr_VFD2,BOMBA GRASAS SED SECUNDARIOS BOM-019,COMANDO DE PARO,A2-2008-HD021,,,,,DO,Sink 24 VDC,GAB-002,PLC-002,EST-001,,SI,NO,NO,
XS-BOM019,VFD-019,CCM,L-008,L_Cerr_VFD2,BOMBA GRASAS SED SECUNDARIOS BOM-019,CONSIGNA DE VELOCIDAD,A2-2008-HD021,,,,%,AO,4-20 mA,GAB-002,PLC-002,EST-001,,NO,SI,SI,
XO-BOM020,VFD-020,CCM,L-008,L_Cerr_VFD2,BOMBA GRASAS SED SECUNDARIOS BOM-020,COMANDO DE ARRANQUE,A2-2008-HD021,,,,,DO,Sink 24 VDC,GAB-002,PLC-002,EST-001,,SI,NO,NO,
XC-BOM020,VFD-020,CCM,L-008,L_Cerr_VFD2,BOMBA GRASAS SED SECUNDARIOS BOM-020,COMANDO DE PARO,A2-2008-HD021,,,,,DO,Sink 24 VDC,GAB-002,PLC-002,EST-001,,SI,NO,NO,
XS-BOM020,VFD-020,CCM,L-008,L_Cerr_VFD2,BOMBA GRASAS SED SECUNDARIOS BOM-020,CONSIGNA DE VELOCIDAD,A2-2008-HD021,,,,%,AO,4-20 mA,GAB-002,PLC-002,EST-001,,NO,SI,SI,
LI-009,LIT-009,FLD,L-009,Sup_Analoga,TANQUE DE HOMOGENIZACION TK-007,INDICACION DE NIVEL,A2-2008-HD018,HOLD,HOLD,,HOLD,AI,4-20 mA,JBI-007,PLC-002,EST-001,,NO,SI,SI,
LAL-009,LIT-009,FLD,L-009,Sup_Analoga,TANQUE DE HOMOGENIZACION TK-007,ALARMA POR BAJO NIVEL,A2-2008-HD018,,,HOLD,HOLD,S,,NA,NA,NA,I-31/32/33,SI,NO,NO,
LAH-009,LIT-009,FLD,L-009,Sup_Analoga,TANQUE DE HOMOGENIZACION TK-007,ALARMA POR ALTO NIVEL,A2-2008-HD018,,,HOLD,HOLD,S,,NA,NA,NA,I-31/32/33,SI,NO,NO,
LI-010,LIT-010,FLD,L-010,Sup_Analoga,TANQUE DE HOMOGENIZACION TK-008,INDICACION DE NIVEL,A2-2008-HD018,HOLD,HOLD,,HOLD,AI,4-20 mA,JBI-007,PLC-002,EST-001,,NO,SI,SI,
LAL-010,LIT-010,FLD,L-010,Sup_Analoga,TANQUE DE HOMOGENIZACION TK-008,ALARMA POR BAJO NIVEL,A2-2008-HD018,,,HOLD,HOLD,S,,NA,NA,NA,I-31/32/33,SI,NO,NO,
LAH-010,LIT-010,FLD,L-010,Sup_Analoga,TANQUE DE HOMOGENIZACION TK-008,ALARMA POR ALTO NIVEL,A2-2008-HD018,,,HOLD,HOLD,S,,NA,NA,NA,I-31/32/33,SI,NO,NO,
LI-015,LIT-015,FLD,L-015,Sup_Analoga,TANQUE DE ALMACENAMIENTO DE AGUA TK-010,INDICACION DE NIVEL,A2-2008-HD022-01,HOLD,HOLD,,HOLD,AI,4-20 mA,JBI-003,PLC-001,EST-001,,NO,SI,SI,
LAH-015,LIT-015,FLD,L-015,Sup_Analoga,TANQUE DE ALMACENAMIENTO DE AGUA TK-010,ALARMA POR BAJO NIVEL,A2-2008-HD022-01,,,HOLD,HOLD,S,,NA,NA,NA,,SI,NO,NO,
LAL-015,LIT-015,FLD,L-015,Sup_Analoga,TANQUE DE ALMACENAMIENTO DE AGUA TK-010,ALARMA POR ALTO NIVEL,A2-2008-HD022-01,,,HOLD,HOLD,S,,NA,NA,NA,I-39/40,SI,NO,NO,
LI-016,LIT-016,FLD,L-016,Sup_Analoga,TANQUE DE ALMACENAMIENTO DE AGUA TK-011,INDICACION DE NIVEL,A2-2008-HD022-01,HOLD,HOLD,,HOLD,AI,4-20 mA,JBI-003,PLC-001,EST-001,,NO,SI,SI,
LAH-016,LIT-016,FLD,L-016,Sup_Analoga,TANQUE DE ALMACENAMIENTO DE AGUA TK-011,ALARMA POR BAJO NIVEL,A2-2008-HD022-01,,,HOLD,HOLD,S,,NA,NA,NA,,SI,NO,NO,
LAL-016,LIT-016,FLD,L-016,Sup_Analoga,TANQUE DE ALMACENAMIENTO DE AGUA TK-011,ALARMA POR ALTO NIVEL,A2-2008-HD022-01,,,HOLD,HOLD,S,,NA,NA,NA,I-41/42,SI,NO,NO,
LAHH-002,LS-002,FLD,LS-002,Sup_Digital,CAJA DE DISTRIBUCION CAJADIS-003,ALARMA POR MUY ALTO NIVEL,A2-2007-HD021,,,HOLD,HOLD,DI,Sink 24 VDC,JBI-005,PLC-002,EST-001,,SI,NO,NO,
LAH-004,LS-004,FLD,LS-004,Sup_Digital,TANQUE DE DOSIFICACION DE POLIMEROS T-012,ALARMA ALTO NIVEL,A2-2008-HD018,,,,,DI,Sink 24 VDC,JBI-006,PLC-002,EST-001,,SI,NO,NO,
LAL-004,LS-004,FLD,LS-004,Sup_Digital,TANQUE DE DOSIFICACION DE POLIMEROS T-012,ALARMA BAJO NIVEL,A2-2008-HD018,,,,,DI,Sink 24 VDC,JBI-006,PLC-002,EST-001,,SI,NO,NO,
LALL-004,LS-004,FLD,LS-004,Sup_Digital,TANQUE DE DOSIFICACION DE POLIMEROS T-012,ALARMA MUY BAJO NIVEL,A2-2008-HD018,,,,,DI,Sink 24 VDC,JBI-006,PLC-002,EST-001,I-34/35/36,SI,NO,NO,
LAH-005,LS-005,FLD,LS-005,Sup_Digital,TANQUE DE DOSIFICACION DE POLIMEROS T-013,ALARMA ALTO NIVEL,A2-2008-HD018,,,,,DI,Sink 24 VDC,JBI-006,PLC-002,EST-001,,SI,NO,NO,
LAL-005,LS-005,FLD,LS-005,Sup_Digital,TANQUE DE DOSIFICACION DE POLIMEROS T-013,ALARMA BAJO NIVEL,A2-2008-HD018,,,,,DI,Sink 24 VDC,JBI-006,PLC-002,EST-001,,SI,NO,NO,
LALL-005,LS-005,FLD,LS-005,Sup_Digital,TANQUE DE DOSIFICACION DE POLIMEROS T-013,ALARMA MUY BAJO NIVEL,A2-2008-HD018,,,,,DI,Sink 24 VDC,JBI-006,PLC-002,EST-001,I-34/35/36,SI,NO,NO,
PI-005,PIT-005,FLD,P-005,Sup_Analoga,AGUA RESIDUAL A SUCCION BOM-001,INDICACION DE PRESION,A2-2007-HD020,,,,,AI,4-20 mA,JBI-001,PLC-001,EST-001,,NO,SI,SI,
PALL-005,PIT-005,FLD,P-005,Sup_Analoga,AGUA RESIDUAL A SUCCION BOM-001,ALARMA MUY BAJA PRESION,A2-2007-HD020,,,,,S,,NA,NA,NA,I-02,SI,NO,NO,
PI-006,PIT-006,FLD,P-006,Sup_Analoga,AGUA RESIDUAL A SUCCION BOM-002,INDICACION DE PRESION,A2-2007-HD020,,,,,AI,4-20 mA,JBI-001,PLC-001,EST-001,,NO,SI,SI,
PALL-006,PIT-006,FLD,P-006,Sup_Analoga,AGUA RESIDUAL A SUCCION BOM-002,ALARMA MUY BAJA PRESION,A2-2007-HD020,,,,,S,,NA,NA,NA,I-03,SI,NO,NO,
PI-007,PIT-007,FLD,P-007,Sup_Analoga,AGUA RESIDUAL A SUCCION BOM-003,INDICACION DE PRESION,A2-2007-HD020,,,,,AI,4-20 mA,JBI-001,PLC-001,EST-001,,NO,SI,SI,
PALL-007,PIT-007,FLD,P-007,Sup_Analoga,AGUA RESIDUAL A SUCCION BOM-003,ALARMA MUY BAJA PRESION,A2-2007-HD020,,,,,S,,NA,NA,NA,I-04,SI,NO,NO,
PI-008,PIT-008,FLD,P-008,Sup_Analoga,AGUA RESIDUAL A SUCCION BOM-004,INDICACION DE PRESION,A2-2007-HD020,,,,,AI,4-20 mA,JBI-001,PLC-001,EST-001,,NO,SI,SI,
PALL-008,PIT-008,FLD,P-008,Sup_Analoga,AGUA RESIDUAL A SUCCION BOM-004,ALARMA MUY BAJA PRESION,A2-2007-HD020,,,,,S,,NA,NA,NA,I-05,SI,NO,NO,
PI-009,PIT-009,FLD,P-009,Sup_Analoga,AGUA RESIDUAL DESCARGA BOM-001,INDICACION DE PRESION,A2-2007-HD020,,,,,AI,4-20 mA,JBI-001,PLC-001,EST-001,,NO,SI,SI,
PAHH-009,PIT-009,FLD,P-009,Sup_Analoga,AGUA RESIDUAL DESCARGA BOM-001,ALARMA MUY ALTA PRESION,A2-2007-HD020,,,,,S,,NA,NA,NA,I-02,SI,NO,NO,
PI-010,PIT-010,FLD,P-010,Sup_Analoga,AGUA RESIDUAL DESCARGA BOM-002,INDICACION DE PRESION,A2-2007-HD020,,,,,AI,4-20 mA,JBI-001,PLC-001,EST-001,,NO,SI,SI,
PAHH-010,PIT-010,FLD,P-010,Sup_Analoga,AGUA RESIDUAL DESCARGA BOM-002,ALARMA MUY ALTA PRESION,A2-2007-HD020,,,,,S,,NA,NA,NA,I-03,SI,NO,NO,
PI-011,PIT-011,FLD,P-011,Sup_Analoga,AGUA RESIDUAL DESCARGA BOM-003,INDICACION DE PRESION,A2-2007-HD020,,,,,AI,4-20 mA,JBI-001,PLC-001,EST-001,,NO,SI,SI,
PAHH-011,PIT-011,FLD,P-011,Sup_Analoga,AGUA RESIDUAL DESCARGA BOM-003,ALARMA MUY ALTA PRESION,A2-2007-HD020,,,,,S,,NA,NA,NA,I-04,SI,NO,NO,
PI-012,PIT-012,FLD,P-012,Sup_Analoga,AGUA RESIDUAL DESCARGA BOM-004,INDICACION DE PRESION,A2-2007-HD020,,,,,AI,4-20 mA,JBI-001,PLC-001,EST-001,,NO,SI,SI,
PAHH-012,PIT-012,FLD,P-012,Sup_Analoga,AGUA RESIDUAL DESCARGA BOM-004,ALARMA MUY ALTA PRESION,A2-2007-HD020,,,,,S,,NA,NA,NA,I-05,SI,NO,NO,
PI-014,PIT-014,FLD,P-014,Sup_Analoga,GRASAS DESCARGA BOM-008,INDICACION DE PRESION,A2-2007-HD021,HOLD,HOLD,,HOLD,AI,4-20 mA,JBI-004,PLC-001,EST-001,,NO,SI,SI,
PAHH-014,PIT-014,FLD,P-014,Sup_Analoga,GRASAS DESCARGA BOM-008,ALARMA MUY ALTA PRESION,A2-2007-HD021,,,HOLD,HOLD,S,,NA,NA,NA,I-09,SI,NO,NO,
PI-015,PIT-015,FLD,P-015,Sup_Analoga,GRASAS DESCARGA BOM-009,INDICACION DE PRESION,A2-2007-HD021,HOLD,HOLD,,HOLD,AI,4-20 mA,JBI-004,PLC-001,EST-001,,NO,SI,SI,
PAHH-015,PIT-015,FLD,P-015,Sup_Analoga,GRASAS DESCARGA BOM-009,ALARMA MUY ALTA PRESION,A2-2007-HD021,,,HOLD,HOLD,S,,NA,NA,NA,I-10,SI,NO,NO,
PI-016,PIT-016,FLD,P-016,Sup_Analoga,LODOS SED PRIMARIOS HACIA SUCCION BOM-012,INDICACION DE PRESION,A2-2007-HD021,HOLD,HOLD,,HOLD,AI,4-20 mA,JBI-004,PLC-001,EST-001,,NO,SI,SI,
PALL-016,PIT-016,FLD,P-016,Sup_Analoga,LODOS SED PRIMARIOS HACIA SUCCION BOM-012,ALARMA MUY BAJA PRESION,A2-2007-HD021,,,HOLD,HOLD,S,,NA,NA,NA,I-13,SI,NO,NO,
PI-017,PIT-017,FLD,P-017,Sup_Analoga,LODOS SED PRIMARIOS HACIA SUCCION BOM-011,INDICACION DE PRESION,A2-2007-HD021,HOLD,HOLD,,HOLD,AI,4-20 mA,JBI-004,PLC-001,EST-001,,NO,SI,SI,
PALL-017,PIT-017,FLD,P-017,Sup_Analoga,LODOS SED PRIMARIOS HACIA SUCCION BOM-011,ALARMA MUY BAJA PRESION,A2-2007-HD021,,,HOLD,HOLD,S,,NA,NA,NA,I-12,SI,NO,NO,
PI-018,PIT-018,FLD,P-018,Sup_Analoga,LODOS SED PRIMARIOS HACIA SUCCION BOM-010,INDICACION DE PRESION,A2-2007-HD021,HOLD,HOLD,,HOLD,AI,4-20 mA,JBI-004,PLC-001,EST-001,,NO,SI,SI,
PALL-018,PIT-018,FLD,P-018,Sup_Analoga,LODOS SED PRIMARIOS HACIA SUCCION BOM-010,ALARMA MUY BAJA PRESION,A2-2007-HD021,,,HOLD,HOLD,S,,NA,NA,NA,I-11,SI,NO,NO,
PI-019,PIT-019,FLD,P-019,Sup_Analoga,AGUA DE RECIRCULACION DESCARGA BOM-013 A CAJADIS-002,INDICACION DE PRESION,A2-2007-HD021,HOLD,HOLD,,HOLD,AI,4-20 mA,JBI-005,PLC-002,EST-001,,NO,SI,SI,
PAHH-019,PIT-019,FLD,P-019,Sup_Analoga,AGUA DE RECIRCULACION DESCARGA BOM-013 A CAJADIS-002,ALARMA MUY ALTA PRESION,A2-2007-HD021,,,HOLD,HOLD,S,,NA,NA,NA,I-14,SI,NO,NO,
PI-020,PIT-020,FLD,P-020,Sup_Analoga,AGUA DE RECIRCULACION DESCARGA BOM-014 A CAJADIS-002,INDICACION DE PRESION,A2-2007-HD021,HOLD,HOLD,,HOLD,AI,4-20 mA,JBI-005,PLC-002,EST-001,,NO,SI,SI,
PAHH-020,PIT-020,FLD,P-020,Sup_Analoga,AGUA DE RECIRCULACION DESCARGA BOM-014 A CAJADIS-002,ALARMA MUY ALTA PRESION,A2-2007-HD021,,,HOLD,HOLD,S,,NA,NA,NA,I-15,SI,NO,NO,
PI-021,PIT-021,FLD,P-021,Sup_Analoga,AGUA DE RECIRCULACION DESCARGA BOM-015 A CAJADIS-002,INDICACION DE PRESION,A2-2007-HD021,HOLD,HOLD,,HOLD,AI,4-20 mA,JBI-005,PLC-002,EST-001,,NO,SI,SI,
PAHH-021,PIT-021,FLD,P-021,Sup_Analoga,AGUA DE RECIRCULACION DESCARGA BOM-015 A CAJADIS-002,ALARMA MUY ALTA PRESION,A2-2007-HD021,,,HOLD,HOLD,S,,NA,NA,NA,I-16,SI,NO,NO,
PI-022,PIT-022,FLD,P-022,Sup_Analoga,LODOS SED SECUNDARIOS HACIA SUCCION BOM-016,INDICACION DE PRESION,A2-2007-HD021,HOLD,HOLD,,HOLD,AI,4-20 mA,JBI-005,PLC-002,EST-001,,NO,SI,SI,
PALL-022,PIT-022,FLD,P-022,Sup_Analoga,LODOS SED SECUNDARIOS HACIA SUCCION BOM-016,ALARMA MUY BAJA PRESION,A2-2007-HD021,,,HOLD,HOLD,S,,NA,NA,NA,I-17,SI,NO,NO,
PI-023,PIT-023,FLD,P-023,Sup_Analoga,LODOS SED SECUNDARIOS HACIA SUCCION BOM-017,INDICACION DE PRESION,A2-2007-HD021,HOLD,HOLD,,HOLD,AI,4-20 mA,JBI-005,PLC-002,EST-001,,NO,SI,SI,
PALL-023,PIT-023,FLD,P-023,Sup_Analoga,LODOS SED SECUNDARIOS HACIA SUCCION BOM-017,ALARMA MUY BAJA PRESION,A2-2007-HD021,,,HOLD,HOLD,S,,NA,NA,NA,I-18,SI,NO,NO,
PI-024,PIT-024,FLD,P-024,Sup_Analoga,LODOS SED SECUNDARIOS HACIA SUCCION BOM-018,INDICACION DE PRESION,A2-2007-HD021,HOLD,HOLD,,HOLD,AI,4-20 mA,JBI-005,PLC-002,EST-001,,NO,SI,SI,
PALL-024,PIT-024,FLD,P-024,Sup_Analoga,LODOS SED SECUNDARIOS HACIA SUCCION BOM-018,ALARMA MUY BAJA PRESION,A2-2007-HD021,,,HOLD,HOLD,S,,NA,NA,NA,I-19,SI,NO,NO,
PI-025,PIT-025,FLD,P-025,Sup_Analoga,GRASAS SED SECUNDARIOS HACIA TRAMPA T-011,INDICACION DE PRESION,A2-2007-HD021,HOLD,HOLD,,HOLD,AI,4-20 mA,JBI-005,PLC-002,EST-001,,NO,SI,SI,
PAHH-025,PIT-025,FLD,P-025,Sup_Analoga,GRASAS SED SECUNDARIOS HACIA TRAMPA T-011,ALARMA POR ALTA PRESION,A2-2007-HD021,,,HOLD,HOLD,S,,NA,NA,NA,I-20,SI,NO,NO,
PI-026,PIT-026,FLD,P-026,Sup_Analoga,LODOS DESCARGA BOM-010 A MESAS ESPESADORAS,INDICACION DE PRESION,A2-2007-HD018,HOLD,HOLD,,HOLD,AI,4-20 mA,JBI-004,PLC-001,EST-001,,NO,SI,SI,
PAHH-026,PIT-026,FLD,P-026,Sup_Analoga,LODOS DESCARGA BOM-010 A MESAS ESPESADORAS,ALARMA MUY ALTA PRESION,A2-2007-HD018,,,HOLD,HOLD,S,,NA,NA,NA,I-13,SI,NO,NO,
PI-027,PIT-027,FLD,P-027,Sup_Analoga,LODOS DESCARGA BOM-011 A MESAS ESPESADORAS,INDICACION DE PRESION,A2-2007-HD018,HOLD,HOLD,,HOLD,AI,4-20 mA,JBI-004,PLC-001,EST-001,,NO,SI,SI,
PAHH-027,PIT-027,FLD,P-027,Sup_Analoga,LODOS DESCARGA BOM-011 A MESAS ESPESADORAS,ALARMA MUY ALTA PRESION,A2-2007-HD018,,,HOLD,HOLD,S,,NA,NA,NA,I-12,SI,NO,NO,
PI-028,PIT-028,FLD,P-028,Sup_Analoga,LODOS DESCARGA BOM-012 A MESAS ESPESADORAS,INDICACION DE PRESION,A2-2007-HD018,HOLD,HOLD,,HOLD,AI,4-20 mA,JBI-004,PLC-001,EST-001,,NO,SI,SI,
PAHH-028,PIT-028,FLD,P-028,Sup_Analoga,LODOS DESCARGA BOM-012 A MESAS ESPESADORAS,ALARMA MUY ALTA PRESION,A2-2007-HD018,,,HOLD,HOLD,S,,NA,NA,NA,I-11,SI,NO,NO,
PI-029,PIT-029,FLD,P-029,Sup_Analoga,LODOS DESCARGA BOM-016 A MESAS ESPESADORAS,INDICACION DE PRESION,A2-2007-HD018,HOLD,HOLD,,HOLD,AI,4-20 mA,JBI-005,PLC-002,EST-001,,NO,SI,SI,
PAHH-029,PIT-029,FLD,P-029,Sup_Analoga,LODOS DESCARGA BOM-016 A MESAS ESPESADORAS,ALARMA MUY ALTA PRESION,A2-2007-HD018,,,HOLD,HOLD,S,,NA,NA,NA,I-17,SI,NO,NO,
PI-030,PIT-030,FLD,P-030,Sup_Analoga,LODOS DESCARGA BOM-017 A MESAS ESPESADORAS,INDICACION DE PRESION,A2-2007-HD018,HOLD,HOLD,,HOLD,AI,4-20 mA,JBI-005,PLC-002,EST-001,,NO,SI,SI,
PAHH-030,PIT-030,FLD,P-030,Sup_Analoga,LODOS DESCARGA BOM-017 A MESAS ESPESADORAS,ALARMA MUY ALTA PRESION,A2-2007-HD018,,,HOLD,HOLD,S,,NA,NA,NA,I-18,SI,NO,NO,
PI-031,PIT-031,FLD,P-031,Sup_Analoga,LODOS DESCARGA BOM-018 A MESAS ESPESADORAS,INDICACION DE PRESION,A2-2007-HD018,HOLD,HOLD,,HOLD,AI,4-20 mA,JBI-005,PLC-002,EST-001,,NO,SI,SI,
PAHH-031,PIT-031,FLD,P-031,Sup_Analoga,LODOS DESCARGA BOM-018 A MESAS ESPESADORAS,ALARMA MUY ALTA PRESION,A2-2007-HD018,,,HOLD,HOLD,S,,NA,NA,NA,I-19,SI,NO,NO,
PI-032,PIT-032,FLD,P-032,Sup_Analoga,CAL PREPARADA DESCARGA BOM-026 A T-007/008,INDICACION DE PRESION,A2-2008-HD018,HOLD,HOLD,,HOLD,AI,4-20 mA,JBI-006,PLC-002,EST-001,,NO,SI,SI,
PAHH-032,PIT-032,FLD,P-032,Sup_Analoga,CAL PREPARADA DESCARGA BOM-026 A T-007/008,ALARMA POR MUY ALTA PRESION,A2-2008-HD018,,,HOLD,HOLD,S,,NA,NA,NA,I-21,SI,NO,NO,
PI-033,PIT-033,FLD,P-033,Sup_Analoga,CAL PREPARADA DESCARGA BOM-027 A T-007/008,INDICACION DE PRESION,A2-2008-HD018,HOLD,HOLD,,HOLD,AI,4-20 mA,JBI-006,PLC-002,EST-001,,NO,SI,SI,
PAHH-033,PIT-033,FLD,P-033,Sup_Analoga,CAL PREPARADA DESCARGA BOM-027 A T-007/008,ALARMA POR MUY ALTA PRESION,A2-2008-HD018,,,HOLD,HOLD,S,,NA,NA,NA,I-22,SI,NO,NO,
PI-034,PIT-034,FLD,P-034,Sup_Analoga,LODOS ESPESADOS DESCARGA BOM-021 A T-007/008,INDICACION DE PRESION,A2-2008-HD018,HOLD,HOLD,,HOLD,AI,4-20 mA,JBI-006,PLC-002,EST-001,,NO,SI,SI,
PAHH-034,PIT-034,FLD,P-034,Sup_Analoga,LODOS ESPESADOS DESCARGA BOM-021 A T-007/008,ALARMA POR ALTA PRESION,A2-2008-HD018,,,HOLD,HOLD,S,,NA,NA,NA,I-29,SI,NO,NO,
PI-035,PIT-035,FLD,P-035,Sup_Analoga,LODOS ESPESADOS DESCARGA BOM-022 A T-007/008,INDICACION DE PRESION,A2-2008-HD018,HOLD,HOLD,,HOLD,AI,4-20 mA,JBI-006,PLC-002,EST-001,,NO,SI,SI,
PAHH-035,PIT-035,FLD,P-035,Sup_Analoga,LODOS ESPESADOS DESCARGA BOM-022 A T-007/008,ALARMA POR ALTA PRESION,A2-2008-HD018,,,HOLD,HOLD,S,,NA,NA,NA,I-30,SI,NO,NO,
PI-036,PIT-036,FLD,P-036,Sup_Analoga,LODOS DESCARGA BOM-028 A LECHOS DE SECADO,INDICACION DE PRESION,A2-2008-HD018,HOLD,HOLD,,HOLD,AI,4-20 mA,JBI-007,PLC-002,EST-001,,NO,SI,SI,
PAHH-036,PIT-036,FLD,P-036,Sup_Analoga,LODOS DESCARGA BOM-028 A LECHOS DE SECADO,ALARMA MUY ALTA PRESION,A2-2008-HD018,,,HOLD,HOLD,S,,NA,NA,NA,I-31,SI,NO,NO,
PI-037,PIT-037,FLD,P-037,Sup_Analoga,LODOS DESCARGA BOM-029 A LECHOS DE SECADO,INDICACION DE PRESION,A2-2008-HD018,HOLD,HOLD,,HOLD,AI,4-20 mA,JBI-007,PLC-002,EST-001,,NO,SI,SI,
PAHH-037,PIT-037,FLD,P-037,Sup_Analoga,LODOS DESCARGA BOM-029 A LECHOS DE SECADO,ALARMA MUY ALTA PRESION,A2-2008-HD018,,,HOLD,HOLD,S,,NA,NA,NA,I-32,SI,NO,NO,
PI-038,PIT-038,FLD,P-038,Sup_Analoga,LODOS DESCARGA BOM-030 A LECHOS DE SECADO,INDICACION DE PRESION,A2-2008-HD018,HOLD,HOLD,,HOLD,AI,4-20 mA,JBI-007,PLC-002,EST-001,,NO,SI,SI,
PAHH-038,PIT-038,FLD,P-038,Sup_Analoga,LODOS DESCARGA BOM-030 A LECHOS DE SECADO,ALARMA MUY ALTA PRESION,A2-2008-HD018,,,HOLD,HOLD,S,,NA,NA,NA,I-33,SI,NO,NO,
PI-039,PIT-039,FLD,P-039,Sup_Analoga,AGUA DE SERV BAJA PRESION A SUCCION BOM-032,INDICACION DE PRESION,A2-2008-HD022-01,HOLD,HOLD,,HOLD,AI,4-20 mA,JBI-003,PLC-001,EST-001,,NO,SI,SI,
PALL-039,PIT-039,FLD,P-039,Sup_Analoga,AGUA DE SERV BAJA PRESION A SUCCION BOM-032,ALARMA MUY ALTA PRESION,A2-2008-HD022-01,,,HOLD,HOLD,S,,NA,NA,NA,I-40,SI,NO,NO,
PI-040,PIT-040,FLD,P-040,Sup_Analoga,AGUA DE SERV BAJA PRESION A SUCCION BOM-031,INDICACION DE PRESION,A2-2008-HD022-01,HOLD,HOLD,,HOLD,AI,4-20 mA,JBI-003,PLC-001,EST-001,,NO,SI,SI,
PALL-040,PIT-040,FLD,P-040,Sup_Analoga,AGUA DE SERV BAJA PRESION A SUCCION BOM-031,ALARMA MUY ALTA PRESION,A2-2008-HD022-01,,,HOLD,HOLD,S,,NA,NA,NA,I-39,SI,NO,NO,
PI-041,PIT-041,FLD,P-041,Sup_Analoga,AGUA DE SERV ALTA PRESION A SUCCION BOM-034,INDICACION DE PRESION,A2-2008-HD022-01,HOLD,HOLD,,HOLD,AI,4-20 mA,JBI-003,PLC-001,EST-001,,NO,SI,SI,
PALL-041,PIT-041,FLD,P-041,Sup_Analoga,AGUA DE SERV ALTA PRESION A SUCCION BOM-034,ALARMA MUY ALTA PRESION,A2-2008-HD022-01,,,HOLD,HOLD,S,,NA,NA,NA,I-42,SI,NO,NO,
PI-042,PIT-042,FLD,P-042,Sup_Analoga,AGUA DE SERV ALTA PRESION A SUCCION BOM-033,INDICACION DE PRESION,A2-2008-HD022-01,HOLD,HOLD,,HOLD,AI,4-20 mA,JBI-003,PLC-001,EST-001,,NO,SI,SI,
PALL-042,PIT-042,FLD,P-042,Sup_Analoga,AGUA DE SERV ALTA PRESION A SUCCION BOM-033,ALARMA MUY ALTA PRESION,A2-2008-HD022-01,,,HOLD,HOLD,S,,NA,NA,NA,I-41,SI,NO,NO,
PI-043,PIT-043,FLD,P-043,L_Cerr_CEL2,AGUA DE SERV BAJA PRESION CABEZAL DESCARGA BOM-031/032,INDICACION DE PRESION,A2-2008-HD022-01,HOLD,HOLD,,HOLD,AI,4-20 mA,JBI-003,PLC-001,EST-001,,NO,SI,SI,
PAHH-043,PIT-043,FLD,P-043,L_Cerr_CEL2,AGUA DE SERV BAJA PRESION CABEZAL DESCARGA BOM-031/032,ALARMA MUY ALTA PRESION,A2-2008-HD022-01,,,HOLD,HOLD,S,,NA,NA,NA,I-39/40,SI,NO,NO,
XO-BOM031,CEL-BOM031,CCM,P-043,L_Cerr_CEL2,BOMBA AGUAS DE SERVICIO BAJA PRESION BOM-031,COMANDO DE ARRANQUE,A2-2008-HD022-01,,,,,DO,Sink 24 VDC,GAB-001,PLC-001,EST-001,I-39,SI,NO,NO,
XC-BOM031,CEL-BOM031,CCM,P-043,L_Cerr_CEL2,BOMBA AGUAS DE SERVICIO BAJA PRESION BOM-031,COMANDO DE PARO,A2-2008-HD022-01,,,,,DO,Sink 24 VDC,GAB-001,PLC-001,EST-001,,SI,NO,NO,
XO-BOM032,CEL-BOM032,CCM,P-043,L_Cerr_CEL2,BOMBA AGUAS DE SERVICIO BAJA PRESION BOM-032,COMANDO DE ARRANQUE,A2-2008-HD022-01,,,,,DO,Sink 24 VDC,GAB-001,PLC-001,EST-001,I-40,SI,NO,NO,
XC-BOM032,CEL-BOM032,CCM,P-043,L_Cerr_CEL2,BOMBA AGUAS DE SERVICIO BAJA PRESION BOM-032,COMANDO DE PARO,A2-2008-HD022-01,,,,,DO,Sink 24 VDC,GAB-001,PLC-001,EST-001,,SI,NO,NO,
PI-044,PIT-044,FLD,P-044,L_Cerr_CEL2,AGUA DE SERV ALTA PRESION CABEZAL DESCARGA BOM-033/034,INDICACION DE PRESION,A2-2008-HD022-01,HOLD,HOLD,,HOLD,AI,4-20 mA,JBI-003,PLC-001,EST-001,,NO,SI,SI,
PAHH-044,PIT-044,FLD,P-044,L_Cerr_CEL2,AGUA DE SERV ALTA PRESION CABEZAL DESCARGA BOM-033/034,ALARMA MUY ALTA PRESION,A2-2008-HD022-01,,,HOLD,HOLD,S,,NA,NA,NA,I-41/42,SI,NO,NO,
XO-BOM033,CEL-BOM033,CCM,P-044,L_Cerr_CEL2,BOMBA AGUAS DE SERVICIO ALTA PRESION BOM-033,COMANDO DE ARRANQUE,A2-2008-HD022-01,,,,,DO,Sink 24 VDC,GAB-001,PLC-001,EST-001,I-41,SI,NO,NO,
XC-BOM033,CEL-BOM033,CCM,P-044,L_Cerr_CEL2,BOMBA AGUAS DE SERVICIO ALTA PRESION BOM-033,COMANDO DE PARO,A2-2008-HD022-01,,,,,DO,Sink 24 VDC,GAB-001,PLC-001,EST-001,,SI,NO,NO,
XO-BOM034,CEL-BOM034,CCM,P-044,L_Cerr_CEL2,BOMBA AGUAS DE SERVICIO ALTA PRESION BOM-034,COMANDO DE ARRANQUE,A2-2008-HD022-01,,,,,DO,Sink 24 VDC,GAB-001,PLC-001,EST-001,I-42,SI,NO,NO,
XC-BOM034,CEL-BOM034,CCM,P-044,L_Cerr_CEL2,BOMBA AGUAS DE SERVICIO ALTA PRESION BOM-034,COMANDO DE PARO,A2-2008-HD022-01,,,,,DO,Sink 24 VDC,GAB-001,PLC-001,EST-001,,SI,NO,NO,
XV-001,SV-001,FLD,S-001,Sup_Digital,AGUA DE SERV ALTA PRESION A SIST DE EXTRACCION LCH-001,COMANDO SOLENOIDE,A2-2007-HD020,,,,,DO,Sink 24 VDC,JBI-001,PLC-001,EST-001,,SI,NO,NO,
XV-004,SV-004,FLD,S-004,Sup_Digital,AGUA DE SERV ALTA P A PCOMP-001,COMANDO SOLENOIDE,A2-2007-HD020,,,,,DO,Sink 24 VDC,JBI-002,PLC-001,EST-001,I-06,SI,NO,NO,
XV-006,SV-006,FLD,S-006,Sup_Digital,AGUA DE SERV ALTA P A PCOMP-002,COMANDO SOLENOIDE,A2-2007-HD020,,,,,DO,Sink 24 VDC,JBI-002,PLC-001,EST-001,I-07,SI,NO,NO,
XV-008,SV-008,FLD,S-008,Sup_Digital,AGUA DE SERV ALTA P A PCOMP-003,COMANDO SOLENOIDE,A2-2007-HD020,,,,,DO,Sink 24 VDC,JBI-002,PLC-001,EST-001,I-08,SI,NO,NO,
XV-305,SV-305,FLD,S-305,Sup_Digital,AGUA DE SERV BAJA P A CNTRL DE OLORES EN LODOS,COMANDO SOLENOIDE,A2-2007-HD022-02,,,,,DO,Sink 24 VDC,JBI-005,PLC-002,EST-001,I-28,SI,NO,NO,
XV-306,SV-306,FLD,S-306,Sup_Digital,AGUA DE SERV BAJA P A CNTRL DE OLORES EN PRETRATAMIENTO,COMANDO SOLENOIDE,A2-2007-HD022-02,,,,,DO,Sink 24 VDC,JBI-002,PLC-001,EST-001,I-28,SI,NO,NO,
XO-BIV001,BIV-001,FLD,X-BIV001,Eq_paq1,CUCHARA BIVALVA,COMANDO DE ARRANQUE,A2-2007-HD020,,,,,DO,Sink 24 VDC,GAB-001,PLC-001,EST-001,,SI,NO,NO,
XC-BIV001,BIV-001,FLD,X-BIV001,Eq_paq1,CUCHARA BIVALVA,COMANDO DE PARO,A2-2007-HD020,,,,,DO,Sink 24 VDC,GAB-001,PLC-001,EST-001,,SI,NO,NO,
XI-BIV001,BIV-001,FLD,X-BIV001,Eq_paq1,CUCHARA BIVALVA,STATUS OK,A2-2007-HD020,,,,,DI,Sink 24 VDC,GAB-001,PLC-001,EST-001,,SI,NO,NO,
XA-BIV001,BIV-001,FLD,X-BIV001,Eq_paq1,CUCHARA BIVALVA,STATUS FALLA,A2-2007-HD020,,,,,DI,Sink 24 VDC,GAB-001,PLC-001,EST-001,,SI,NO,NO,
XLR-BIV001,BIV-001,FLD,X-BIV001,Eq_paq1,CUCHARA BIVALVA,STATUS MODO LOCAL/REMOTO,A2-2007-HD020,,,,,DI,Sink 24 VDC,GAB-001,PLC-001,EST-001,,SI,NO,NO,
XI-BOM001,VFD-001,CCM,X-BOM001,Prot_bomba,BOMBA AGUA RESIDUAL SALIDA PRETRATAMIENTO BOM-001,STATUS OK,A2-2007-HD020,,,,,DI,Sink 24 VDC,GAB-001,PLC-001,EST-001,I-02,SI,NO,NO,
XA-BOM001,VFD-001,CCM,X-BOM001,Prot_bomba,BOMBA AGUA RESIDUAL SALIDA PRETRATAMIENTO BOM-001,STATUS FALLA,A2-2007-HD020,,,,,DI,Sink 24 VDC,GAB-001,PLC-001,EST-001,I-02,SI,NO,NO,
XI-BOM002,VFD-002,CCM,X-BOM002,Prot_bomba,BOMBA AGUA RESIDUAL SALIDA PRETRATAMIENTO BOM-002,STATUS OK,A2-2007-HD020,,,,,DI,Sink 24 VDC,GAB-001,PLC-001,EST-001,I-03,SI,NO,NO,
XA-BOM002,VFD-002,CCM,X-BOM002,Prot_bomba,BOMBA AGUA RESIDUAL SALIDA PRETRATAMIENTO BOM-002,STATUS FALLA,A2-2007-HD020,,,,,DI,Sink 24 VDC,GAB-001,PLC-001,EST-001,I-03,SI,NO,NO,
XI-BOM003,VFD-003,CCM,X-BOM003,Prot_bomba,BOMBA AGUA RESIDUAL SALIDA PRETRATAMIENTO BOM-003,STATUS OK,A2-2007-HD020,,,,,DI,Sink 24 VDC,GAB-001,PLC-001,EST-001,I-04,SI,NO,NO,
XA-BOM003,VFD-003,CCM,X-BOM003,Prot_bomba,BOMBA AGUA RESIDUAL SALIDA PRETRATAMIENTO BOM-003,STATUS FALLA,A2-2007-HD020,,,,,DI,Sink 24 VDC,GAB-001,PLC-001,EST-001,I-04,SI,NO,NO,
XI-BOM004,VFD-004,CCM,X-BOM004,Prot_bomba,BOMBA AGUA RESIDUAL SALIDA PRETRATAMIENTO BOM-004,STATUS OK,A2-2007-HD020,,,,,DI,Sink 24 VDC,GAB-001,PLC-001,EST-001,I-05,SI,NO,NO,
XA-BOM004,VFD-004,CCM,X-BOM004,Prot_bomba,BOMBA AGUA RESIDUAL SALIDA PRETRATAMIENTO BOM-004,STATUS FALLA,A2-2007-HD020,,,,,DI,Sink 24 VDC,GAB-001,PLC-001,EST-001,I-05,SI,NO,NO,
XI-BOM008,VFD-008,CCM,X-BOM008,Prot_bomba,BOMBA GRASAS SED PRIMARIOS BOM-008,STATUS OK,A2-2007-HD021,,,,,DI,Sink 24 VDC,GAB-001,PLC-001,EST-001,I-09,SI,NO,NO,
XA-BOM008,VFD-008,CCM,X-BOM008,Prot_bomba,BOMBA GRASAS SED PRIMARIOS BOM-008,STATUS FALLA,A2-2007-HD021,,,,,DI,Sink 24 VDC,GAB-001,PLC-001,EST-001,I-09,SI,NO,NO,
XI-BOM009,VFD-009,CCM,X-BOM009,Prot_bomba,BOMBA GRASAS SED PRIMARIOS BOM-009,STATUS OK,A2-2007-HD021,,,,,DI,Sink 24 VDC,GAB-001,PLC-001,EST-001,I-10,SI,NO,NO,
XA-BOM009,VFD-009,CCM,X-BOM009,Prot_bomba,BOMBA GRASAS SED PRIMARIOS BOM-009,STATUS FALLA,A2-2007-HD021,,,,,DI,Sink 24 VDC,GAB-001,PLC-001,EST-001,I-10,SI,NO,NO,
XI-BOM010,VFD-010,CCM,X-BOM010,Prot_bomba,BOMBA DE LODOS SED PRIM BOM-010,STATUS OK,A2-2007-HD021,,,,,DI,Sink 24 VDC,GAB-001,PLC-001,EST-001,I-13,SI,NO,NO,
XA-BOM010,VFD-010,CCM,X-BOM010,Prot_bomba,BOMBA DE LODOS SED PRIM BOM-010,STATUS FALLA,A2-2007-HD021,,,,,DI,Sink 24 VDC,GAB-001,PLC-001,EST-001,I-13,SI,NO,NO,
XI-BOM011,VFD-011,CCM,X-BOM011,Prot_bomba,BOMBA DE LODOS SED PRIM BOM-011,STATUS OK,A2-2007-HD021,,,,,DI,Sink 24 VDC,GAB-001,PLC-001,EST-001,I-12,SI,NO,NO,
XA-BOM011,VFD-011,CCM,X-BOM011,Prot_bomba,BOMBA DE LODOS SED PRIM BOM-011,STATUS FALLA,A2-2007-HD021,,,,,DI,Sink 24 VDC,GAB-001,PLC-001,EST-001,I-12,SI,NO,NO,
XI-BOM012,VFD-012,CCM,X-BOM012,Prot_bomba,BOMBA DE LODOS SED PRIM BOM-012,STATUS OK,A2-2007-HD021,,,,,DI,Sink 24 VDC,GAB-001,PLC-001,EST-001,I-11,SI,NO,NO,
XA-BOM012,VFD-012,CCM,X-BOM012,Prot_bomba,BOMBA DE LODOS SED PRIM BOM-012,STATUS FALLA,A2-2007-HD021,,,,,DI,Sink 24 VDC,GAB-001,PLC-001,EST-001,I-11,SI,NO,NO,
XI-BOM013,VFD-013,CCM,X-BOM013,Prot_bomba,BOMBA AGUA RECIRCULACION F PERCOLADORES BOM-013,STATUS OK,A2-2007-HD021,,,,,DI,Sink 24 VDC,GAB-001,PLC-001,EST-001,I-14,SI,NO,NO,
XA-BOM013,VFD-013,CCM,X-BOM013,Prot_bomba,BOMBA AGUA RECIRCULACION F PERCOLADORES BOM-013,STATUS FALLA,A2-2007-HD021,,,,,DI,Sink 24 VDC,GAB-001,PLC-001,EST-001,I-14,SI,NO,NO,
XI-BOM014,VFD-014,CCM,X-BOM014,Prot_bomba,BOMBA AGUA RECIRCULACION F PERCOLADORES BOM-014,STATUS OK,A2-2007-HD021,,,,,DI,Sink 24 VDC,GAB-001,PLC-001,EST-001,I-15,SI,NO,NO,
XA-BOM014,VFD-014,CCM,X-BOM014,Prot_bomba,BOMBA AGUA RECIRCULACION F PERCOLADORES BOM-014,STATUS FALLA,A2-2007-HD021,,,,,DI,Sink 24 VDC,GAB-001,PLC-001,EST-001,I-15,SI,NO,NO,
XI-BOM015,VFD-015,CCM,X-BOM015,Prot_bomba,BOMBA AGUA RECIRCULACION F PERCOLADORES BOM-015,STATUS OK,A2-2007-HD021,,,,,DI,Sink 24 VDC,GAB-001,PLC-001,EST-001,I-16,SI,NO,NO,
XA-BOM015,VFD-015,CCM,X-BOM015,Prot_bomba,BOMBA AGUA RECIRCULACION F PERCOLADORES BOM-015,STATUS FALLA,A2-2007-HD021,,,,,DI,Sink 24 VDC,GAB-001,PLC-001,EST-001,I-16,SI,NO,NO,
XI-BOM016,VFD-016,CCM,X-BOM016,Prot_bomba,BOMBA DE LODOS SED SEC BOM-016,STATUS OK,A2-2007-HD021,,,,,DI,Sink 24 VDC,GAB-002,PLC-002,EST-001,I-17,SI,NO,NO,
XA-BOM016,VFD-016,CCM,X-BOM016,Prot_bomba,BOMBA DE LODOS SED SEC BOM-016,STATUS FALLA,A2-2007-HD021,,,,,DI,Sink 24 VDC,GAB-002,PLC-002,EST-001,I-17,SI,NO,NO,
XI-BOM017,VFD-017,CCM,X-BOM017,Prot_bomba,BOMBA DE LODOS SED SEC BOM-017,STATUS OK,A2-2007-HD021,,,,,DI,Sink 24 VDC,GAB-002,PLC-002,EST-001,I-18,SI,NO,NO,
XA-BOM017,VFD-017,CCM,X-BOM017,Prot_bomba,BOMBA DE LODOS SED SEC BOM-017,STATUS FALLA,A2-2007-HD021,,,,,DI,Sink 24 VDC,GAB-002,PLC-002,EST-001,I-18,SI,NO,NO,
XI-BOM018,VFD-018,CCM,X-BOM018,Prot_bomba,BOMBA DE LODOS SED SEC BOM-018,STATUS OK,A2-2007-HD021,,,,,DI,Sink 24 VDC,GAB-002,PLC-002,EST-001,I-19,SI,NO,NO,
XA-BOM018,VFD-018,CCM,X-BOM018,Prot_bomba,BOMBA DE LODOS SED SEC BOM-018,STATUS FALLA,A2-2007-HD021,,,,,DI,Sink 24 VDC,GAB-002,PLC-002,EST-001,I-19,SI,NO,NO,
XI-BOM019,VFD-019,CCM,X-BOM019,Prot_bomba,BOMBA GRASAS SED SECUNDARIOS BOM-019,STATUS OK,A2-2008-HD021,,,,,DI,Sink 24 VDC,GAB-002,PLC-002,EST-001,I-20,SI,NO,NO,
XA-BOM019,VFD-019,CCM,X-BOM019,Prot_bomba,BOMBA GRASAS SED SECUNDARIOS BOM-019,STATUS FALLA,A2-2008-HD021,,,,,DI,Sink 24 VDC,GAB-002,PLC-002,EST-001,I-20,SI,NO,NO,
XI-BOM020,VFD-020,CCM,X-BOM020,Prot_bomba,BOMBA GRASAS SED SECUNDARIOS BOM-020,STATUS OK,A2-2008-HD021,,,,,DI,Sink 24 VDC,GAB-002,PLC-002,EST-001,I-20,SI,NO,NO,
XA-BOM020,VFD-020,CCM,X-BOM020,Prot_bomba,BOMBA GRASAS SED SECUNDARIOS BOM-020,STATUS FALLA,A2-2008-HD021,,,,,DI,Sink 24 VDC,GAB-002,PLC-002,EST-001,I-20,SI,NO,NO,
XO-BOM021,VFD-021,CCM,C-BOM021,Cntrl_bomba,BOMBA LODOS ESPESADOS BOM-021,COMANDO DE ARRANQUE,A2-2008-HD018,,,,,DO,Sink 24 VDC,GAB-002,PLC-002,EST-001,,SI,NO,NO,
XC-BOM021,VFD-021,CCM,C-BOM021,Cntrl_bomba,BOMBA LODOS ESPESADOS BOM-021,COMANDO DE PARO,A2-2008-HD018,,,,,DO,Sink 24 VDC,GAB-002,PLC-002,EST-001,,SI,NO,NO,
XI-BOM021,VFD-021,CCM,C-BOM021,Cntrl_bomba,BOMBA LODOS ESPESADOS BOM-021,STATUS OK,A2-2008-HD018,,,,,DI,Sink 24 VDC,GAB-002,PLC-002,EST-001,I-29,SI,NO,NO,
XA-BOM021,VFD-021,CCM,C-BOM021,Cntrl_bomba,BOMBA LODOS ESPESADOS BOM-021,STATUS FALLA,A2-2008-HD018,,,,,DI,Sink 24 VDC,GAB-002,PLC-002,EST-001,I-29,SI,NO,NO,
XS-BOM021,VFD-021,CCM,C-BOM021,Cntrl_bomba,BOMBA LODOS ESPESADOS BOM-021,CONSIGNA DE VELOCIDAD,A2-2008-HD018,,,,%,AO,4-20 mA,GAB-002,PLC-002,EST-001,,NO,SI,SI,
XO-BOM022,VFD-022,CCM,C-BOM022,Cntrl_bomba,BOMBA LODOS ESPESADOS BOM-022,COMANDO DE ARRANQUE,A2-2008-HD018,,,,,DO,Sink 24 VDC,GAB-002,PLC-002,EST-001,,SI,NO,NO,
XC-BOM022,VFD-022,CCM,C-BOM022,Cntrl_bomba,BOMBA LODOS ESPESADOS BOM-022,COMANDO DE PARO,A2-2008-HD018,,,,,DO,Sink 24 VDC,GAB-002,PLC-002,EST-001,,SI,NO,NO,
XI-BOM022,VFD-022,CCM,C-BOM022,Cntrl_bomba,BOMBA LODOS ESPESADOS BOM-022,STATUS OK,A2-2008-HD018,,,,,DI,Sink 24 VDC,GAB-002,PLC-002,EST-001,I-30,SI,NO,NO,
XA-BOM022,VFD-022,CCM,C-BOM022,Cntrl_bomba,BOMBA LODOS ESPESADOS BOM-022,STATUS FALLA,A2-2008-HD018,,,,,DI,Sink 24 VDC,GAB-002,PLC-002,EST-001,I-30,SI,NO,NO,
XS-BOM022,VFD-022,CCM,C-BOM022,Cntrl_bomba,BOMBA LODOS ESPESADOS BOM-022,CONSIGNA DE VELOCIDAD,A2-2008-HD018,,,,%,AO,4-20 mA,GAB-002,PLC-002,EST-001,,NO,SI,SI,
XO-BOM023,VFD-023,CCM,C-BOM023,Cntrl_bomba,BOMBA DOSIFICADORA DE POLIMEROS BOM-023,COMANDO DE ARRANQUE,A2-2008-HD018,,,,,DO,Sink 24 VDC,GAB-002,PLC-002,EST-001,,SI,NO,NO,
XC-BOM023,VFD-023,CCM,C-BOM023,Cntrl_bomba,BOMBA DOSIFICADORA DE POLIMEROS BOM-023,COMANDO DE PARO,A2-2008-HD018,,,,,DO,Sink 24 VDC,GAB-002,PLC-002,EST-001,,SI,NO,NO,
XI-BOM023,VFD-023,CCM,C-BOM023,Cntrl_bomba,BOMBA DOSIFICADORA DE POLIMEROS BOM-023,STATUS OK,A2-2008-HD018,,,,,DI,Sink 24 VDC,GAB-002,PLC-002,EST-001,I-34,SI,NO,NO,
XA-BOM023,VFD-023,CCM,C-BOM023,Cntrl_bomba,BOMBA DOSIFICADORA DE POLIMEROS BOM-023,STATUS FALLA,A2-2008-HD018,,,,,DI,Sink 24 VDC,GAB-002,PLC-002,EST-001,I-34,SI,NO,NO,
XS-BOM023,VFD-023,CCM,C-BOM023,Cntrl_bomba,BOMBA DOSIFICADORA DE POLIMEROS BOM-023,CONSIGNA DE VELOCIDAD,A2-2008-HD018,,,,%,AO,4-20 mA,GAB-002,PLC-002,EST-001,,NO,SI,SI,
XO-BOM024,VFD-024,CCM,C-BOM024,Cntrl_bomba,BOMBA DOSIFICADORA DE POLIMEROS BOM-024,COMANDO DE ARRANQUE,A2-2008-HD018,,,,,DO,Sink 24 VDC,GAB-002,PLC-002,EST-001,,SI,NO,NO,
XC-BOM024,VFD-024,CCM,C-BOM024,Cntrl_bomba,BOMBA DOSIFICADORA DE POLIMEROS BOM-024,COMANDO DE PARO,A2-2008-HD018,,,,,DO,Sink 24 VDC,GAB-002,PLC-002,EST-001,,SI,NO,NO,
XI-BOM024,VFD-024,CCM,C-BOM024,Cntrl_bomba,BOMBA DOSIFICADORA DE POLIMEROS BOM-024,STATUS OK,A2-2008-HD018,,,,,DI,Sink 24 VDC,GAB-002,PLC-002,EST-001,I-35,SI,NO,NO,
XA-BOM024,VFD-024,CCM,C-BOM024,Cntrl_bomba,BOMBA DOSIFICADORA DE POLIMEROS BOM-024,STATUS FALLA,A2-2008-HD018,,,,,DI,Sink 24 VDC,GAB-002,PLC-002,EST-001,I-35,SI,NO,NO,
XS-BOM024,VFD-024,CCM,C-BOM024,Cntrl_bomba,BOMBA DOSIFICADORA DE POLIMEROS BOM-024,CONSIGNA DE VELOCIDAD,A2-2008-HD018,,,,%,AO,4-20 mA,GAB-002,PLC-002,EST-001,,NO,SI,SI,
XO-BOM025,VFD-025,CCM,C-BOM025,Cntrl_bomba,BOMBA DOSIFICADORA DE POLIMEROS BOM-025,COMANDO DE ARRANQUE,A2-2008-HD018,,,,,DO,Sink 24 VDC,GAB-002,PLC-002,EST-001,,SI,NO,NO,
XC-BOM025,VFD-025,CCM,C-BOM025,Cntrl_bomba,BOMBA DOSIFICADORA DE POLIMEROS BOM-025,COMANDO DE PARO,A2-2008-HD018,,,,,DO,Sink 24 VDC,GAB-002,PLC-002,EST-001,,SI,NO,NO,
XI-BOM025,VFD-025,CCM,C-BOM025,Cntrl_bomba,BOMBA DOSIFICADORA DE POLIMEROS BOM-025,STATUS OK,A2-2008-HD018,,,,,DI,Sink 24 VDC,GAB-002,PLC-002,EST-001,I-36,SI,NO,NO,
XA-BOM025,VFD-025,CCM,C-BOM025,Cntrl_bomba,BOMBA DOSIFICADORA DE POLIMEROS BOM-025,STATUS FALLA,A2-2008-HD018,,,,,DI,Sink 24 VDC,GAB-002,PLC-002,EST-001,I-36,SI,NO,NO,
XS-BOM025,VFD-025,CCM,C-BOM025,Cntrl_bomba,BOMBA DOSIFICADORA DE POLIMEROS BOM-025,CONSIGNA DE VELOCIDAD,A2-2008-HD018,,,,%,AO,4-20 mA,GAB-002,PLC-002,EST-001,,NO,SI,SI,
XI-BOM026,VFD-026,CCM,X-BOM026,Prot_bomba,BOMBA DE TRANSFERENCIA DE CAL BOM-026,STATUS OK,A2-2008-HD018,,,,,DI,Sink 24 VDC,GAB-002,PLC-002,EST-001,I-21,SI,NO,NO,
XA-BOM026,VFD-026,CCM,X-BOM026,Prot_bomba,BOMBA DE TRANSFERENCIA DE CAL BOM-026,STATUS FALLA,A2-2008-HD018,,,,,DI,Sink 24 VDC,GAB-002,PLC-002,EST-001,I-21,SI,NO,NO,
XI-BOM027,VFD-027,CCM,X-BOM027,Prot_bomba,BOMBA DE TRANSFERENCIA DE CAL BOM-027,STATUS OK,A2-2008-HD018,,,,,DI,Sink 24 VDC,GAB-002,PLC-002,EST-001,I-22,SI,NO,NO,
XA-BOM027,VFD-027,CCM,X-BOM027,Prot_bomba,BOMBA DE TRANSFERENCIA DE CAL BOM-027,STATUS FALLA,A2-2008-HD018,,,,,DI,Sink 24 VDC,GAB-002,PLC-002,EST-001,I-22,SI,NO,NO,
XI-BOM028,VFD-028,CCM,X-BOM028,Prot_bomba,BOMBA LODOS HOMOGENIZADOS BOM-028,STATUS OK,A2-2008-HD018,,,,,DI,Sink 24 VDC,GAB-002,PLC-002,EST-001,I-31,SI,NO,NO,
XA-BOM028,VFD-028,CCM,X-BOM028,Prot_bomba,BOMBA LODOS HOMOGENIZADOS BOM-028,STATUS FALLA,A2-2008-HD018,,,,,DI,Sink 24 VDC,GAB-002,PLC-002,EST-001,I-31,SI,NO,NO,
XI-BOM029,VFD-029,CCM,X-BOM029,Prot_bomba,BOMBA LODOS HOMOGENIZADOS BOM-029,STATUS OK,A2-2008-HD018,,,,,DI,Sink 24 VDC,GAB-002,PLC-002,EST-001,I-32,SI,NO,NO,
XA-BOM029,VFD-029,CCM,X-BOM029,Prot_bomba,BOMBA LODOS HOMOGENIZADOS BOM-029,STATUS FALLA,A2-2008-HD018,,,,,DI,Sink 24 VDC,GAB-002,PLC-002,EST-001,I-32,SI,NO,NO,
XI-BOM030,VFD-030,CCM,X-BOM030,Prot_bomba,BOMBA LODOS HOMOGENIZADOS BOM-030,STATUS OK,A2-2008-HD018,,,,,DI,Sink 24 VDC,GAB-002,PLC-002,EST-001,I-33,SI,NO,NO,
XA-BOM030,VFD-030,CCM,X-BOM030,Prot_bomba,BOMBA LODOS HOMOGENIZADOS BOM-030,STATUS FALLA,A2-2008-HD018,,,,,DI,Sink 24 VDC,GAB-002,PLC-002,EST-001,I-33,SI,NO,NO,
XO-CP001,CP-001,FLD,X-CP001,Eq_paq2,COMPUERTA EN MANHOLE DE ENTRADA,COMANDO DE APERTURA,A2-2007-HD020,,,,,DO,Sink 24 VDC,GAB-001,PLC-001,EST-001,I-01,SI,NO,NO,
XC-CP001,CP-001,FLD,X-CP001,Eq_paq2,COMPUERTA EN MANHOLE DE ENTRADA,COMANDO DE CIERRE,A2-2007-HD020,,,,,DO,Sink 24 VDC,GAB-001,PLC-001,EST-001,I-01,SI,NO,NO,
ZIO-CP001,CP-001,FLD,X-CP001,Eq_paq2,COMPUERTA EN MANHOLE DE ENTRADA,STATUS VALVULA ABIERTA,A2-2007-HD020,,,,,DI,Sink 24 VDC,GAB-001,PLC-001,EST-001,I-01,SI,NO,NO,
ZIC-CP001,CP-001,FLD,X-CP001,Eq_paq2,COMPUERTA EN MANHOLE DE ENTRADA,STATUS VALVULA CERRADA,A2-2007-HD020,,,,,DI,Sink 24 VDC,GAB-001,PLC-001,EST-001,I-01,SI,NO,NO,
XLR-CP001,CP-001,FLD,X-CP001,Eq_paq2,COMPUERTA EN MANHOLE DE ENTRADA,STATUS MODO LOCAL/REMOTO,A2-2007-HD020,,,,,DI,Sink 24 VDC,GAB-001,PLC-001,EST-001,I-01,SI,NO,NO,
ZI-CP001,CP-001,FLD,X-CP001,Eq_paq2,COMPUERTA EN MANHOLE DE ENTRADA,INDICACION DE POSICION (APERTURA),A2-2007-HD020,,,,%,AI,4-20 mA,GAB-001,PLC-001,EST-001,I-01,NO,SI,SI,
LAHH-001,LS-001,FLD,X-CP001,Eq_paq2,POZO DE SUCCION DE BOM-001/002/003/004,ALARMA POR MUY ALTO NIVEL,A2-2007-HD020,,,HOLD,HOLD,DI,Sink 24 VDC,JBI-001,PLC-001,EST-001,I-01,SI,NO,NO,
XO-CP002,CP-002,FLD,X-CP002,Eq_paq1,COMPUERTA ENTRADA CANAL DE CRIBADO PPAL,COMANDO DE APERTURA,A2-2007-HD020,,,,,DO,Sink 24 VDC,GAB-001,PLC-001,EST-001,,SI,NO,NO,
XC-CP002,CP-002,FLD,X-CP002,Eq_paq1,COMPUERTA ENTRADA CANAL DE CRIBADO PPAL,COMANDO DE CIERRE,A2-2007-HD020,,,,,DO,Sink 24 VDC,GAB-001,PLC-001,EST-001,,SI,NO,NO,
ZIO-CP002,CP-002,FLD,X-CP002,Eq_paq1,COMPUERTA ENTRADA CANAL DE CRIBADO PPAL,STATUS VALVULA ABIERTA,A2-2007-HD020,,,,,DI,Sink 24 VDC,GAB-001,PLC-001,EST-001,,SI,NO,NO,
ZIC-CP002,CP-002,FLD,X-CP002,Eq_paq1,COMPUERTA ENTRADA CANAL DE CRIBADO PPAL,STATUS VALVULA CERRADA,A2-2007-HD020,,,,,DI,Sink 24 VDC,GAB-001,PLC-001,EST-001,,SI,NO,NO,
XLR-CP002,CP-002,FLD,X-CP002,Eq_paq1,COMPUERTA ENTRADA CANAL DE CRIBADO PPAL,STATUS MODO LOCAL/REMOTO,A2-2007-HD020,,,,,DI,Sink 24 VDC,GAB-001,PLC-001,EST-001,,SI,NO,NO,
XO-CP003,CP-003,FLD,X-CP003,Eq_paq1,COMPUERTA ENTRADA CANAL DE CRIBADO SEC,COMANDO DE APERTURA,A2-2007-HD020,,,,,DO,Sink 24 VDC,GAB-001,PLC-001,EST-001,,SI,NO,NO,
XC-CP003,CP-003,FLD,X-CP003,Eq_paq1,COMPUERTA ENTRADA CANAL DE CRIBADO SEC,COMANDO DE CIERRE,A2-2007-HD020,,,,,DO,Sink 24 VDC,GAB-001,PLC-001,EST-001,,SI,NO,NO,
ZIO-CP003,CP-003,FLD,X-CP003,Eq_paq1,COMPUERTA ENTRADA CANAL DE CRIBADO SEC,STATUS VALVULA ABIERTA,A2-2007-HD020,,,,,DI,Sink 24 VDC,GAB-001,PLC-001,EST-001,,SI,NO,NO,
ZIC-CP003,CP-003,FLD,X-CP003,Eq_paq1,COMPUERTA ENTRADA CANAL DE CRIBADO SEC,STATUS VALVULA CERRADA,A2-2007-HD020,,,,,DI,Sink 24 VDC,GAB-001,PLC-001,EST-001,,SI,NO,NO,
XLR-CP003,CP-003,FLD,X-CP003,Eq_paq1,COMPUERTA ENTRADA CANAL DE CRIBADO SEC,STATUS MODO LOCAL/REMOTO,A2-2007-HD020,,,,,DI,Sink 24 VDC,GAB-001,PLC-001,EST-001,,SI,NO,NO,
XO-FPER001,PNL-FPER001,FLD,X-FPER001,Eq_paq1,FILTRO PERCOLADOR FPER-001,COMANDO DE ARRANQUE,A2-2007-HD021,,,,,DO,Sink 24 VDC,GAB-001,PLC-001,EST-001,,SI,NO,NO,
XC-FPER001,PNL-FPER001,FLD,X-FPER001,Eq_paq1,FILTRO PERCOLADOR FPER-001,COMANDO DE PARO,A2-2007-HD021,,,,,DO,Sink 24 VDC,GAB-001,PLC-001,EST-001,,SI,NO,NO,
XI-FPER001,PNL-FPER001,FLD,X-FPER001,Eq_paq1,FILTRO PERCOLADOR FPER-001,STATUS OK,A2-2007-HD021,,,,,DI,Sink 24 VDC,GAB-001,PLC-001,EST-001,I-23,SI,NO,NO,
XA-FPER001,PNL-FPER001,FLD,X-FPER001,Eq_paq1,FILTRO PERCOLADOR FPER-001,STATUS FALLA,A2-2007-HD021,,,,,DI,Sink 24 VDC,GAB-001,PLC-001,EST-001,I-23,SI,NO,NO,
XLR-FPER001,PNL-FPER001,FLD,X-FPER001,Eq_paq1,FILTRO PERCOLADOR FPER-001,STATUS MODO LOCAL/REMOTO,A2-2007-HD021,,,,,DI,Sink 24 VDC,GAB-001,PLC-001,EST-001,,SI,NO,NO,
XO-FPER002,PNL-FPER002,FLD,X-FPER002,Eq_paq1,FILTRO PERCOLADOR FPER-002,COMANDO DE ARRANQUE,A2-2007-HD021,,,,,DO,Sink 24 VDC,GAB-001,PLC-001,EST-001,,SI,NO,NO,
XC-FPER002,PNL-FPER002,FLD,X-FPER002,Eq_paq1,FILTRO PERCOLADOR FPER-002,COMANDO DE PARO,A2-2007-HD021,,,,,DO,Sink 24 VDC,GAB-001,PLC-001,EST-001,,SI,NO,NO,
XI-FPER002,PNL-FPER002,FLD,X-FPER002,Eq_paq1,FILTRO PERCOLADOR FPER-002,STATUS OK,A2-2007-HD021,,,,,DI,Sink 24 VDC,GAB-001,PLC-001,EST-001,I-24,SI,NO,NO,
XA-FPER002,PNL-FPER002,FLD,X-FPER002,Eq_paq1,FILTRO PERCOLADOR FPER-002,STATUS FALLA,A2-2007-HD021,,,,,DI,Sink 24 VDC,GAB-001,PLC-001,EST-001,I-24,SI,NO,NO,
XLR-FPER002,PNL-FPER002,FLD,X-FPER002,Eq_paq1,FILTRO PERCOLADOR FPER-002,STATUS MODO LOCAL/REMOTO,A2-2007-HD021,,,,,DI,Sink 24 VDC,GAB-001,PLC-001,EST-001,,SI,NO,NO,
XO-FPER003,PNL-FPER003,FLD,X-FPER003,Eq_paq1,FILTRO PERCOLADOR FPER-003,COMANDO DE ARRANQUE,A2-2007-HD021,,,,,DO,Sink 24 VDC,GAB-001,PLC-001,EST-001,,SI,NO,NO,
XC-FPER003,PNL-FPER003,FLD,X-FPER003,Eq_paq1,FILTRO PERCOLADOR FPER-003,COMANDO DE PARO,A2-2007-HD021,,,,,DO,Sink 24 VDC,GAB-001,PLC-001,EST-001,,SI,NO,NO,
XI-FPER003,PNL-FPER003,FLD,X-FPER003,Eq_paq1,FILTRO PERCOLADOR FPER-003,STATUS OK,A2-2007-HD021,,,,,DI,Sink 24 VDC,GAB-001,PLC-001,EST-001,I-25,SI,NO,NO,
XA-FPER003,PNL-FPER003,FLD,X-FPER003,Eq_paq1,FILTRO PERCOLADOR FPER-003,STATUS FALLA,A2-2007-HD021,,,,,DI,Sink 24 VDC,GAB-001,PLC-001,EST-001,I-25,SI,NO,NO,
XLR-FPER003,PNL-FPER003,FLD,X-FPER003,Eq_paq1,FILTRO PERCOLADOR FPER-003,STATUS MODO LOCAL/REMOTO,A2-2007-HD021,,,,,DI,Sink 24 VDC,GAB-001,PLC-001,EST-001,,SI,NO,NO,
XO-MESP001,PNL-MESP001,FLD,X-MESP001,Eq_paq1,MESA ESPESADORA MESP-001,COMANDO DE ARRANQUE,A2-2008-HD018,,,,,DO,Sink 24 VDC,GAB-002,PLC-002,EST-001,I-29/30,SI,NO,NO,
XC-MESP001,PNL-MESP001,FLD,X-MESP001,Eq_paq1,MESA ESPESADORA MESP-001,COMANDO DE PARO,A2-2008-HD018,,,,,DO,Sink 24 VDC,GAB-002,PLC-002,EST-001,,SI,NO,NO,
XI-MESP001,PNL-MESP001,FLD,X-MESP001,Eq_paq1,MESA ESPESADORA MESP-001,STATUS OK,A2-2008-HD018,,,,,DI,Sink 24 VDC,GAB-002,PLC-002,EST-001,I-26,SI,NO,NO,
XA-MESP001,PNL-MESP001,FLD,X-MESP001,Eq_paq1,MESA ESPESADORA MESP-001,STATUS FALLA,A2-2008-HD018,,,,,DI,Sink 24 VDC,GAB-002,PLC-002,EST-001,I-26,SI,NO,NO,
XLR-MESP001,PNL-MESP001,FLD,X-MESP001,Eq_paq1,MESA ESPESADORA MESP-001,STATUS MODO LOCAL/REMOTO,A2-2008-HD018,,,,,DI,Sink 24 VDC,GAB-002,PLC-002,EST-001,,SI,NO,NO,
XV-003,SV-003,FLD,X-MESP001,Eq_paq1,AGUA DE SERV ALTA P A MESP-001,COMANDO SOLENOIDE,A2-2007-HD022-02,,,,,DO,Sink 24 VDC,JBI-006,PLC-002,EST-001,I-26,SI,NO,NO,
XO-MESP002,PNL-MESP002,FLD,X-MESP002,Eq_paq1,MESA ESPESADORA MESP-002,COMANDO DE ARRANQUE,A2-2008-HD018,,,,,DO,Sink 24 VDC,GAB-002,PLC-002,EST-001,I-29/30,SI,NO,NO,
XC-MESP002,PNL-MESP002,FLD,X-MESP002,Eq_paq1,MESA ESPESADORA MESP-002,COMANDO DE PARO,A2-2008-HD018,,,,,DO,Sink 24 VDC,GAB-002,PLC-002,EST-001,,SI,NO,NO,
XI-MESP002,PNL-MESP002,FLD,X-MESP002,Eq_paq1,MESA ESPESADORA MESP-002,STATUS OK,A2-2008-HD018,,,,,DI,Sink 24 VDC,GAB-002,PLC-002,EST-001,I-27,SI,NO,NO,
XA-MESP002,PNL-MESP002,FLD,X-MESP002,Eq_paq1,MESA ESPESADORA MESP-002,STATUS FALLA,A2-2008-HD018,,,,,DI,Sink 24 VDC,GAB-002,PLC-002,EST-001,I-27,SI,NO,NO,
XLR-MESP002,PNL-MESP002,FLD,X-MESP002,Eq_paq1,MESA ESPESADORA MESP-002,STATUS MODO LOCAL/REMOTO,A2-2008-HD018,,,,,DI,Sink 24 VDC,GAB-002,PLC-002,EST-001,,SI,NO,NO,
XV-005,SV-005,FLD,X-MESP002,Eq_paq1,AGUA DE SERV ALTA P A MESP-002,COMANDO SOLENOIDE,A2-2007-HD022-02,,,,,DO,Sink 24 VDC,JBI-006,PLC-002,EST-001,I-27,SI,NO,NO,
XO-MESP003,PNL-MESP003,FLD,X-MESP003,Eq_paq1,MESA ESPESADORA MESP-003,COMANDO DE ARRANQUE,A2-2008-HD018,,,,,DO,Sink 24 VDC,GAB-002,PLC-002,EST-001,I-29/30,SI,NO,NO,
XC-MESP003,PNL-MESP003,FLD,X-MESP003,Eq_paq1,MESA ESPESADORA MESP-003,COMANDO DE PARO,A2-2008-HD018,,,,,DO,Sink 24 VDC,GAB-002,PLC-002,EST-001,,SI,NO,NO,
XI-MESP003,PNL-MESP003,FLD,X-MESP003,Eq_paq1,MESA ESPESADORA MESP-003,STATUS OK,A2-2008-HD018,,,,,DI,Sink 24 VDC,GAB-002,PLC-002,EST-001,I-28,SI,NO,NO,
XA-MESP003,PNL-MESP003,FLD,X-MESP003,Eq_paq1,MESA ESPESADORA MESP-003,STATUS FALLA,A2-2008-HD018,,,,,DI,Sink 24 VDC,GAB-002,PLC-002,EST-001,I-28,SI,NO,NO,
XLR-MESP003,PNL-MESP003,FLD,X-MESP003,Eq_paq1,MESA ESPESADORA MESP-003,STATUS MODO LOCAL/REMOTO,A2-2008-HD018,,,,,DI,Sink 24 VDC,GAB-002,PLC-002,EST-001,,SI,NO,NO,
XV-007,SV-007,FLD,X-MESP003,Eq_paq1,AGUA DE SERV ALTA P A MESP-003,COMANDO SOLENOIDE,A2-2007-HD022-02,,,,,DO,Sink 24 VDC,JBI-006,PLC-002,EST-001,I-28,SI,NO,NO,
XO-PCOMP001,PNL-PCOMP001,FLD,X-PCOMP001,Eq_paq1,PLANTA COMPACTA PCOMP-001,COMANDO DE ARRANQUE,A2-2007-HD019,,,,,DO,Sink 24 VDC,GAB-001,PLC-001,EST-001,,SI,NO,NO,
XC-PCOMP001,PNL-PCOMP001,FLD,X-PCOMP001,Eq_paq1,PLANTA COMPACTA PCOMP-001,COMANDO DE PARO,A2-2007-HD019,,,,,DO,Sink 24 VDC,GAB-001,PLC-001,EST-001,,SI,NO,NO,
XI-PCOMP001,PNL-PCOMP001,FLD,X-PCOMP001,Eq_paq1,PLANTA COMPACTA PCOMP-001,STATUS OK,A2-2007-HD019,,,,,DI,Sink 24 VDC,GAB-001,PLC-001,EST-001,I-06,SI,NO,NO,
XA-PCOMP001,PNL-PCOMP001,FLD,X-PCOMP001,Eq_paq1,PLANTA COMPACTA PCOMP-001,STATUS FALLA,A2-2007-HD019,,,,,DI,Sink 24 VDC,GAB-001,PLC-001,EST-001,I-06,SI,NO,NO,
XLR-PCOMP001,PNL-PCOMP001,FLD,X-PCOMP001,Eq_paq1,PLANTA COMPACTA PCOMP-001,STATUS MODO LOCAL/REMOTO,A2-2007-HD019,,,,,DI,Sink 24 VDC,GAB-001,PLC-001,EST-001,,SI,NO,NO,
XO-PCOMP002,PNL-PCOMP002,FLD,X-PCOMP002,Eq_paq1,PLANTA COMPACTA PCOMP-002,COMANDO DE ARRANQUE,A2-2007-HD019,,,,,DO,Sink 24 VDC,GAB-001,PLC-001,EST-001,,SI,NO,NO,
XC-PCOMP002,PNL-PCOMP002,FLD,X-PCOMP002,Eq_paq1,PLANTA COMPACTA PCOMP-002,COMANDO DE PARO,A2-2007-HD019,,,,,DO,Sink 24 VDC,GAB-001,PLC-001,EST-001,,SI,NO,NO,
XI-PCOMP002,PNL-PCOMP002,FLD,X-PCOMP002,Eq_paq1,PLANTA COMPACTA PCOMP-002,STATUS OK,A2-2007-HD019,,,,,DI,Sink 24 VDC,GAB-001,PLC-001,EST-001,I-07,SI,NO,NO,
XA-PCOMP002,PNL-PCOMP002,FLD,X-PCOMP002,Eq_paq1,PLANTA COMPACTA PCOMP-002,STATUS FALLA,A2-2007-HD019,,,,,DI,Sink 24 VDC,GAB-001,PLC-001,EST-001,I-07,SI,NO,NO,
XLR-PCOMP002,PNL-PCOMP002,FLD,X-PCOMP002,Eq_paq1,PLANTA COMPACTA PCOMP-002,STATUS MODO LOCAL/REMOTO,A2-2007-HD019,,,,,DI,Sink 24 VDC,GAB-001,PLC-001,EST-001,,SI,NO,NO,
XO-PCOMP003,PNL-PCOMP003,FLD,X-PCOMP003,Eq_paq1,PLANTA COMPACTA PCOMP-003,COMANDO DE ARRANQUE,A2-2007-HD019,,,,,DO,Sink 24 VDC,GAB-001,PLC-001,EST-001,,SI,NO,NO,
XC-PCOMP003,PNL-PCOMP003,FLD,X-PCOMP003,Eq_paq1,PLANTA COMPACTA PCOMP-003,COMANDO DE PARO,A2-2007-HD019,,,,,DO,Sink 24 VDC,GAB-001,PLC-001,EST-001,,SI,NO,NO,
XI-PCOMP003,PNL-PCOMP003,FLD,X-PCOMP003,Eq_paq1,PLANTA COMPACTA PCOMP-003,STATUS OK,A2-2007-HD019,,,,,DI,Sink 24 VDC,GAB-001,PLC-001,EST-001,I-08,SI,NO,NO,
XA-PCOMP003,PNL-PCOMP003,FLD,X-PCOMP003,Eq_paq1,PLANTA COMPACTA PCOMP-003,STATUS FALLA,A2-2007-HD019,,,,,DI,Sink 24 VDC,GAB-001,PLC-001,EST-001,I-08,SI,NO,NO,
XLR-PCOMP003,PNL-PCOMP003,FLD,X-PCOMP003,Eq_paq1,PLANTA COMPACTA PCOMP-003,STATUS MODO LOCAL/REMOTO,A2-2007-HD019,,,,,DI,Sink 24 VDC,GAB-001,PLC-001,EST-001,,SI,NO,NO,
XO-REA001,PNL-REA001,FLD,L-001,L_cerr_paq,REJA DE CRIBADO DE GRUESOS AUTOMATICA,COMANDO DE ARRANQUE,A2-2007-HD020,,,,,DO,Sink 24 VDC,GAB-001,PLC-001,EST-001,,SI,NO,NO,
XC-REA001,PNL-REA001,FLD,L-001,L_cerr_paq,REJA DE CRIBADO DE GRUESOS AUTOMATICA,COMANDO DE PARO,A2-2007-HD020,,,,,DO,Sink 24 VDC,GAB-001,PLC-001,EST-001,,SI,NO,NO,
XI-REA001,PNL-REA001,FLD,L-001,L_cerr_paq,REJA DE CRIBADO DE GRUESOS AUTOMATICA,STATUS OK,A2-2007-HD020,,,,,DI,Sink 24 VDC,GAB-001,PLC-001,EST-001,,SI,NO,NO,
XA-REA001,PNL-REA001,FLD,L-001,L_cerr_paq,REJA DE CRIBADO DE GRUESOS AUTOMATICA,STATUS FALLA,A2-2007-HD020,,,,,DI,Sink 24 VDC,GAB-001,PLC-001,EST-001,,SI,NO,NO,
XLR-REA001,PNL-REA001,FLD,L-001,L_cerr_paq,REJA DE CRIBADO DE GRUESOS AUTOMATICA,STATUS MODO LOCAL/REMOTO,A2-2007-HD020,,,,,DI,Sink 24 VDC,GAB-001,PLC-001,EST-001,,SI,NO,NO,
XO-REA002,PNL-REA002,FLD,L-001,L_cerr_paq,REJA DE CRIBADO DE MEDIOS AUTOMATICA,COMANDO DE ARRANQUE,A2-2007-HD020,,,,,DO,Sink 24 VDC,GAB-001,PLC-001,EST-001,,SI,NO,NO,
XC-REA002,PNL-REA002,FLD,L-001,L_cerr_paq,REJA DE CRIBADO DE MEDIOS AUTOMATICA,COMANDO DE PARO,A2-2007-HD020,,,,,DO,Sink 24 VDC,GAB-001,PLC-001,EST-001,,SI,NO,NO,
XI-REA002,PNL-REA002,FLD,L-001,L_cerr_paq,REJA DE CRIBADO DE MEDIOS AUTOMATICA,STATUS OK,A2-2007-HD020,,,,,DI,Sink 24 VDC,GAB-001,PLC-001,EST-001,,SI,NO,NO,
XA-REA002,PNL-REA002,FLD,L-001,L_cerr_paq,REJA DE CRIBADO DE MEDIOS AUTOMATICA,STATUS FALLA,A2-2007-HD020,,,,,DI,Sink 24 VDC,GAB-001,PLC-001,EST-001,,SI,NO,NO,
XLR-REA002,PNL-REA002,FLD,L-001,L_cerr_paq,REJA DE CRIBADO DE MEDIOS AUTOMATICA,STATUS MODO LOCAL/REMOTO,A2-2007-HD020,,,,,DI,Sink 24 VDC,GAB-001,PLC-001,EST-001,,SI,NO,NO,
XO-SCAL001,PNL-SCAL001,FLD,X-SCAL001,Eq_paq1,SISTEMA DE PREPARACION DE CAL SCAL-001,COMANDO DE ARRANQUE,A2-2008-HD021,,,,,DO,Sink 24 VDC,GAB-002,PLC-002,EST-001,,SI,NO,NO,
XC-SCAL001,PNL-SCAL001,FLD,X-SCAL001,Eq_paq1,SISTEMA DE PREPARACION DE CAL SCAL-001,COMANDO DE PARO,A2-2008-HD021,,,,,DO,Sink 24 VDC,GAB-002,PLC-002,EST-001,,SI,NO,NO,
XI-SCAL001,PNL-SCAL001,FLD,X-SCAL001,Eq_paq1,SISTEMA DE PREPARACION DE CAL SCAL-001,STATUS OK,A2-2008-HD021,,,,,DI,Sink 24 VDC,GAB-002,PLC-002,EST-001,I-37,SI,NO,NO,
XA-SCAL001,PNL-SCAL001,FLD,X-SCAL001,Eq_paq1,SISTEMA DE PREPARACION DE CAL SCAL-001,STATUS FALLA,A2-2008-HD021,,,,,DI,Sink 24 VDC,GAB-002,PLC-002,EST-001,I-37,SI,NO,NO,
XLR-SCAL001,PNL-SCAL001,FLD,X-SCAL001,Eq_paq1,SISTEMA DE PREPARACION DE CAL SCAL-001,STATUS MODO LOCAL/REMOTO,A2-2008-HD021,,,,,DI,Sink 24 VDC,GAB-002,PLC-002,EST-001,,SI,NO,NO,
XO-SCAL002,PNL-SCAL002,FLD,X-SCAL002,Eq_paq1,SISTEMA DE PREPARACION DE CAL SCAL-002,COMANDO DE ARRANQUE,A2-2008-HD021,,,,,DO,Sink 24 VDC,GAB-002,PLC-002,EST-001,,SI,NO,NO,
XC-SCAL002,PNL-SCAL002,FLD,X-SCAL002,Eq_paq1,SISTEMA DE PREPARACION DE CAL SCAL-002,COMANDO DE PARO,A2-2008-HD021,,,,,DO,Sink 24 VDC,GAB-002,PLC-002,EST-001,,SI,NO,NO,
XI-SCAL002,PNL-SCAL002,FLD,X-SCAL002,Eq_paq1,SISTEMA DE PREPARACION DE CAL SCAL-002,STATUS OK,A2-2008-HD021,,,,,DI,Sink 24 VDC,GAB-002,PLC-002,EST-001,I-38,SI,NO,NO,
XA-SCAL002,PNL-SCAL002,FLD,X-SCAL002,Eq_paq1,SISTEMA DE PREPARACION DE CAL SCAL-002,STATUS FALLA,A2-2008-HD021,,,,,DI,Sink 24 VDC,GAB-002,PLC-002,EST-001,I-38,SI,NO,NO,
XLR-SCAL002,PNL-SCAL002,FLD,X-SCAL002,Eq_paq1,SISTEMA DE PREPARACION DE CAL SCAL-002,STATUS MODO LOCAL/REMOTO,A2-2008-HD021,,,,,DI,Sink 24 VDC,GAB-002,PLC-002,EST-001,,SI,NO,NO,
XO-SEDP001,CEL-SEDP001,CCM,X-SEDP001,Eq_paq3,SEDIMENTADOR PRIMARIO SEDP-001,COMANDO DE ARRANQUE,A2-2007-HD021,,,,,DO,Sink 24 VDC,GAB-001,PLC-001,EST-001,,SI,NO,NO,
XC-SEDP001,CEL-SEDP001,CCM,X-SEDP001,Eq_paq3,SEDIMENTADOR PRIMARIO SEDP-001,COMANDO DE PARO,A2-2007-HD021,,,,,DO,Sink 24 VDC,GAB-001,PLC-001,EST-001,,SI,NO,NO,
XLR-SEDP001,BOT-SEDP001,FLD,X-SEDP001,Eq_paq3,SEDIMENTADOR PRIMARIO SEDP-001,STATUS MODO LOCAL/REMOTO,A2-2007-HD021,,,,,DI,Sink 24 VDC,JBI-004,PLC-001,EST-001,,SI,NO,NO,
ESD-SEDP001,BOT-SEDP001,FLD,X-SEDP001,Eq_paq3,SEDIMENTADOR PRIMARIO SEDP-001,PARADA DE EMERGENCIA,A2-2007-HD021,,,,,DI,Sink 24 VDC,JBI-004,PLC-001,EST-001,,SI,NO,NO,
XO-SEDP002,CEL-SEDP002,CCM,X-SEDP002,Eq_paq3,SEDIMENTADOR PRIMARIO SEDP-002,COMANDO DE ARRANQUE,A2-2007-HD021,,,,,DO,Sink 24 VDC,GAB-001,PLC-001,EST-001,,SI,NO,NO,
XC-SEDP002,CEL-SEDP002,CCM,X-SEDP002,Eq_paq3,SEDIMENTADOR PRIMARIO SEDP-002,COMANDO DE PARO,A2-2007-HD021,,,,,DO,Sink 24 VDC,GAB-001,PLC-001,EST-001,,SI,NO,NO,
XLR-SEDP002,BOT-SEDP002,FLD,X-SEDP002,Eq_paq3,SEDIMENTADOR PRIMARIO SEDP-002,STATUS MODO LOCAL/REMOTO,A2-2007-HD021,,,,,DI,Sink 24 VDC,JBI-003,PLC-001,EST-001,,SI,NO,NO,
ESD-SEDP002,BOT-SEDP002,FLD,X-SEDP002,Eq_paq3,SEDIMENTADOR PRIMARIO SEDP-002,PARADA DE EMERGENCIA,A2-2007-HD021,,,,,DI,Sink 24 VDC,JBI-003,PLC-001,EST-001,,SI,NO,NO,
XO-SEDP003,CEL-SEDP003,CCM,X-SEDP003,Eq_paq3,SEDIMENTADOR PRIMARIO SEDP-003,COMANDO DE ARRANQUE,A2-2007-HD021,,,,,DO,Sink 24 VDC,GAB-001,PLC-001,EST-001,,SI,NO,NO,
XC-SEDP003,CEL-SEDP003,CCM,X-SEDP003,Eq_paq3,SEDIMENTADOR PRIMARIO SEDP-003,COMANDO DE PARO,A2-2007-HD021,,,,,DO,Sink 24 VDC,GAB-001,PLC-001,EST-001,,SI,NO,NO,
XLR-SEDP003,BOT-SEDP003,FLD,X-SEDP003,Eq_paq3,SEDIMENTADOR PRIMARIO SEDP-003,STATUS MODO LOCAL/REMOTO,A2-2007-HD021,,,,,DI,Sink 24 VDC,JBI-003,PLC-001,EST-001,,SI,NO,NO,
ESD-SEDP003,BOT-SEDP003,FLD,X-SEDP003,Eq_paq3,SEDIMENTADOR PRIMARIO SEDP-003,PARADA DE EMERGENCIA,A2-2007-HD021,,,,,DI,Sink 24 VDC,JBI-003,PLC-001,EST-001,,SI,NO,NO,
XO-SEDS001,CEL-SEDS001,CCM,X-SEDS001,Eq_paq3,SEDIMENTADOR SECUNDARIO SEDS-001,COMANDO DE ARRANQUE,A2-2007-HD021,,,,,DO,Sink 24 VDC,GAB-002,PLC-002,EST-001,,SI,NO,NO,
XC-SEDS001,CEL-SEDS001,CCM,X-SEDS001,Eq_paq3,SEDIMENTADOR SECUNDARIO SEDS-001,COMANDO DE PARO,A2-2007-HD021,,,,,DO,Sink 24 VDC,GAB-002,PLC-002,EST-001,,SI,NO,NO,
XLR-SEDS001,BOT-SEDS001,FLD,X-SEDS001,Eq_paq3,SEDIMENTADOR SECUNDARIO SEDS-001,STATUS MODO LOCAL/REMOTO,A2-2007-HD021,,,,,DI,Sink 24 VDC,JBI-005,PLC-002,EST-001,,SI,NO,NO,
ESD-SEDS001,BOT-SEDS001,FLD,X-SEDS001,Eq_paq3,SEDIMENTADOR SECUNDARIO SEDS-001,PARADA DE EMERGENCIA,A2-2007-HD021,,,,,DI,Sink 24 VDC,JBI-005,PLC-002,EST-001,,SI,NO,NO,
XO-SEDS002,CEL-SEDS002,CCM,X-SEDS002,Eq_paq3,SEDIMENTADOR SECUNDARIO SEDS-002,COMANDO DE ARRANQUE,A2-2007-HD021,,,,,DO,Sink 24 VDC,GAB-002,PLC-002,EST-001,,SI,NO,NO,
XC-SEDS002,CEL-SEDS002,CCM,X-SEDS002,Eq_paq3,SEDIMENTADOR SECUNDARIO SEDS-002,COMANDO DE PARO,A2-2007-HD021,,,,,DO,Sink 24 VDC,GAB-002,PLC-002,EST-001,,SI,NO,NO,
XLR-SEDS002,BOT-SEDS002,FLD,X-SEDS002,Eq_paq3,SEDIMENTADOR SECUNDARIO SEDS-002,STATUS MODO LOCAL/REMOTO,A2-2007-HD021,,,,,DI,Sink 24 VDC,JBI-005,PLC-002,EST-001,,SI,NO,NO,
ESD-SEDS002,BOT-SEDS002,FLD,X-SEDS002,Eq_paq3,SEDIMENTADOR SECUNDARIO SEDS-002,PARADA DE EMERGENCIA,A2-2007-HD021,,,,,DI,Sink 24 VDC,JBI-005,PLC-002,EST-001,,SI,NO,NO,
XO-SEDS003,CEL-SEDS003,CCM,X-SEDS003,Eq_paq3,SEDIMENTADOR SECUNDARIO SEDS-003,COMANDO DE ARRANQUE,A2-2007-HD021,,,,,DO,Sink 24 VDC,GAB-002,PLC-002,EST-001,,SI,NO,NO,
XC-SEDS003,CEL-SEDS003,CCM,X-SEDS003,Eq_paq3,SEDIMENTADOR SECUNDARIO SEDS-003,COMANDO DE PARO,A2-2007-HD021,,,,,DO,Sink 24 VDC,GAB-002,PLC-002,EST-001,,SI,NO,NO,
XLR-SEDS003,BOT-SEDS003,FLD,X-SEDS003,Eq_paq3,SEDIMENTADOR SECUNDARIO SEDS-003,STATUS MODO LOCAL/REMOTO,A2-2007-HD021,,,,,DI,Sink 24 VDC,JBI-005,PLC-002,EST-001,,SI,NO,NO,
ESD-SEDS003,BOT-SEDS003,FLD,X-SEDS003,Eq_paq3,SEDIMENTADOR SECUNDARIO SEDS-003,PARADA DE EMERGENCIA,A2-2007-HD021,,,,,DI,Sink 24 VDC,JBI-005,PLC-002,EST-001,,SI,NO,NO,
