Tag_Sig,Origen,Tipo_IO,Tipo_Sig,Dest,Cntrl,Cable1,Par1,Par2,Cable2,Jborne1,Jborne2,Jborne3,Jborne4,JTS,c_bornes,b,Gborne1,Gborne2,Gborne3,Gborne4,GTS
LI-001,LIT-001,AI,A,JBI-001,PLC-001,CB-LIT-001-A-1,1,1,CB-JBI-001-A-1,1,2,3,NA,TS-A,3,3,1,2,3,NA,TS-A
LI-002,LIT-002,AI,A,JBI-001,PLC-001,CB-LIT-002-A-1,1,2,CB-JBI-001-A-1,4,5,6,NA,TS-A,3,6,4,5,6,NA,TS-A
LI-003,LIT-003,AI,A,JBI-001,PLC-001,CB-LIT-003-A-1,1,3,CB-JBI-001-A-1,7,8,9,NA,TS-A,3,9,7,8,9,NA,TS-A
LI-004,LIT-004,AI,A,JBI-001,PLC-001,CB-LIT-004-A-1,1,4,CB-JBI-001-A-1,10,11,12,NA,TS-A,3,12,10,11,12,NA,TS-A
LI-005,LIT-005,AI,A,JBI-001,PLC-001,CB-LIT-005-A-1,1,5,CB-JBI-001-A-1,13,14,15,NA,TS-A,3,15,13,14,15,NA,TS-A
PI-005,PIT-005,AI,A,JBI-001,PLC-001,CB-PIT-005-A-1,1,6,CB-JBI-001-A-1,16,17,18,NA,TS-A,3,18,16,17,18,NA,TS-A
PI-006,PIT-006,AI,A,JBI-001,PLC-001,CB-PIT-006-A-1,1,7,CB-JBI-001-A-1,19,20,21,NA,TS-A,3,21,19,20,21,NA,TS-A
PI-007,PIT-007,AI,A,JBI-001,PLC-001,CB-PIT-007-A-1,1,8,CB-JBI-001-A-1,22,23,24,NA,TS-A,3,24,22,23,24,NA,TS-A
PI-008,PIT-008,AI,A,JBI-001,PLC-001,CB-PIT-008-A-1,1,9,CB-JBI-001-A-1,25,26,27,NA,TS-A,3,27,25,26,27,NA,TS-A
PI-009,PIT-009,AI,A,JBI-001,PLC-001,CB-PIT-009-A-1,1,10,CB-JBI-001-A-1,28,29,30,NA,TS-A,3,30,28,29,30,NA,TS-A
PI-010,PIT-010,AI,A,JBI-001,PLC-001,CB-PIT-010-A-1,1,11,CB-JBI-001-A-1,31,32,33,NA,TS-A,3,33,31,32,33,NA,TS-A
PI-011,PIT-011,AI,A,JBI-001,PLC-001,CB-PIT-011-A-1,1,12,CB-JBI-001-A-1,34,35,36,NA,TS-A,3,36,34,35,36,NA,TS-A
PI-012,PIT-012,AI,A,JBI-001,PLC-001,CB-PIT-012-A-1,1,13,CB-JBI-001-A-1,37,38,39,NA,TS-A,3,39,37,38,39,NA,TS-A
RESERVA,NA,NA,A,JBI-001,PLC-001,NA,NA,14,CB-JBI-001-A-1,40,41,42,NA,TS-A,3,42,40,41,42,NA,TS-A
RESERVA,NA,NA,A,JBI-001,PLC-001,NA,NA,15,CB-JBI-001-A-1,43,44,45,NA,TS-A,3,45,43,44,45,NA,TS-A
RESERVA,NA,NA,A,JBI-001,PLC-001,NA,NA,16,CB-JBI-001-A-1,46,47,48,NA,TS-A,3,48,46,47,48,NA,TS-A
FQI-013,FIT-013,AI,A,JBI-002,PLC-001,CB-FIT-013-A-1,1,1,CB-JBI-002-A-1,1,2,3,NA,TS-A,3,51,49,50,51,NA,TS-A
RESERVA,NA,NA,A,JBI-002,PLC-001,NA,NA,2,CB-JBI-002-A-1,4,5,6,NA,TS-A,3,54,52,53,54,NA,TS-A
FI-501,FIT-501,AI,A,JBI-003,PLC-001,CB-FIT-501-A-1,1,1,CB-JBI-003-A-1,1,2,3,NA,TS-A,3,57,55,56,57,NA,TS-A
FI-502,FIT-502,AI,A,JBI-003,PLC-001,CB-FIT-502-A-1,1,2,CB-JBI-003-A-1,4,5,6,NA,TS-A,3,60,58,59,60,NA,TS-A
LI-015,LIT-015,AI,A,JBI-003,PLC-001,CB-LIT-015-A-1,1,3,CB-JBI-003-A-1,7,8,9,NA,TS-A,3,63,61,62,63,NA,TS-A
LI-016,LIT-016,AI,A,JBI-003,PLC-001,CB-LIT-016-A-1,1,4,CB-JBI-003-A-1,10,11,12,NA,TS-A,3,66,64,65,66,NA,TS-A
PI-039,PIT-039,AI,A,JBI-003,PLC-001,CB-PIT-039-A-1,1,5,CB-JBI-003-A-1,13,14,15,NA,TS-A,3,69,67,68,69,NA,TS-A
PI-040,PIT-040,AI,A,JBI-003,PLC-001,CB-PIT-040-A-1,1,6,CB-JBI-003-A-1,16,17,18,NA,TS-A,3,72,70,71,72,NA,TS-A
PI-041,PIT-041,AI,A,JBI-003,PLC-001,CB-PIT-041-A-1,1,7,CB-JBI-003-A-1,19,20,21,NA,TS-A,3,75,73,74,75,NA,TS-A
PI-042,PIT-042,AI,A,JBI-003,PLC-001,CB-PIT-042-A-1,1,8,CB-JBI-003-A-1,22,23,24,NA,TS-A,3,78,76,77,78,NA,TS-A
PI-043,PIT-043,AI,A,JBI-003,PLC-001,CB-PIT-043-A-1,1,9,CB-JBI-003-A-1,25,26,27,NA,TS-A,3,81,79,80,81,NA,TS-A
PI-044,PIT-044,AI,A,JBI-003,PLC-001,CB-PIT-044-A-1,1,10,CB-JBI-003-A-1,28,29,30,NA,TS-A,3,84,82,83,84,NA,TS-A
RESERVA,NA,NA,A,JBI-003,PLC-001,NA,NA,11,CB-JBI-003-A-1,31,32,33,NA,TS-A,3,87,85,86,87,NA,TS-A
RESERVA,NA,NA,A,JBI-003,PLC-001,NA,NA,12,CB-JBI-003-A-1,34,35,36,NA,TS-A,3,90,88,89,90,NA,TS-A
LI-007,LIT-007,AI,A,JBI-004,PLC-001,CB-LIT-007-A-1,1,1,CB-JBI-004-A-1,1,2,3,NA,TS-A,3,93,91,92,93,NA,TS-A
PI-014,PIT-014,AI,A,JBI-004,PLC-001,CB-PIT-014-A-1,1,2,CB-JBI-004-A-1,4,5,6,NA,TS-A,3,96,94,95,96,NA,TS-A
PI-015,PIT-015,AI,A,JBI-004,PLC-001,CB-PIT-015-A-1,1,3,CB-JBI-004-A-1,7,8,9,NA,TS-A,3,99,97,98,99,NA,TS-A
PI-016,PIT-016,AI,A,JBI-004,PLC-001,CB-PIT-016-A-1,1,4,CB-JBI-004-A-1,10,11,12,NA,TS-A,3,102,100,101,102,NA,TS-A
PI-017,PIT-017,AI,A,JBI-004,PLC-001,CB-PIT-017-A-1,1,5,CB-JBI-004-A-1,13,14,15,NA,TS-A,3,105,103,104,105,NA,TS-A
PI-018,PIT-018,AI,A,JBI-004,PLC-001,CB-PIT-018-A-1,1,6,CB-JBI-004-A-1,16,17,18,NA,TS-A,3,108,106,107,108,NA,TS-A
PI-026,PIT-026,AI,A,JBI-004,PLC-001,CB-PIT-026-A-1,1,7,CB-JBI-004-A-1,19,20,21,NA,TS-A,3,111,109,110,111,NA,TS-A
PI-027,PIT-027,AI,A,JBI-004,PLC-001,CB-PIT-027-A-1,1,8,CB-JBI-004-A-1,22,23,24,NA,TS-A,3,114,112,113,114,NA,TS-A
PI-028,PIT-028,AI,A,JBI-004,PLC-001,CB-PIT-028-A-1,1,9,CB-JBI-004-A-1,25,26,27,NA,TS-A,3,117,115,116,117,NA,TS-A
RESERVA,NA,NA,A,JBI-004,PLC-001,NA,NA,10,CB-JBI-004-A-1,28,29,30,NA,TS-A,3,120,118,119,120,NA,TS-A
RESERVA,NA,NA,A,JBI-004,PLC-001,NA,NA,11,CB-JBI-004-A-1,31,32,33,NA,TS-A,3,123,121,122,123,NA,TS-A
RESERVA,NA,NA,A,JBI-004,PLC-001,NA,NA,12,CB-JBI-004-A-1,34,35,36,NA,TS-A,3,126,124,125,126,NA,TS-A
ZI-CP001,CP-001,AI,A,GAB-001,PLC-001,CB-CP-001-A-1,1,1,CB-CP-001-A-1,NA,NA,NA,NA,NA,3,129,127,128,129,NA,TS-A
XS-BOM001,VFD-001,AO,A,GAB-001,PLC-001,CB-VFD-001-A-1,1,1,CB-VFD-001-A-1,NA,NA,NA,NA,NA,3,132,130,131,132,NA,TS-A
XS-BOM002,VFD-002,AO,A,GAB-001,PLC-001,CB-VFD-002-A-1,1,1,CB-VFD-002-A-1,NA,NA,NA,NA,NA,3,135,133,134,135,NA,TS-A
XS-BOM003,VFD-003,AO,A,GAB-001,PLC-001,CB-VFD-003-A-1,1,1,CB-VFD-003-A-1,NA,NA,NA,NA,NA,3,138,136,137,138,NA,TS-A
XS-BOM004,VFD-004,AO,A,GAB-001,PLC-001,CB-VFD-004-A-1,1,1,CB-VFD-004-A-1,NA,NA,NA,NA,NA,3,141,139,140,141,NA,TS-A
XS-BOM008,VFD-008,AO,A,GAB-001,PLC-001,CB-VFD-008-A-1,1,1,CB-VFD-008-A-1,NA,NA,NA,NA,NA,3,144,142,143,144,NA,TS-A
XS-BOM009,VFD-009,AO,A,GAB-001,PLC-001,CB-VFD-009-A-1,1,1,CB-VFD-009-A-1,NA,NA,NA,NA,NA,3,147,145,146,147,NA,TS-A
XS-BOM010,VFD-010,AO,A,GAB-001,PLC-001,CB-VFD-010-A-1,1,1,CB-VFD-010-A-1,NA,NA,NA,NA,NA,3,150,148,149,150,NA,TS-A
XS-BOM011,VFD-011,AO,A,GAB-001,PLC-001,CB-VFD-011-A-1,1,1,CB-VFD-011-A-1,NA,NA,NA,NA,NA,3,153,151,152,153,NA,TS-A
XS-BOM012,VFD-012,AO,A,GAB-001,PLC-001,CB-VFD-012-A-1,1,1,CB-VFD-012-A-1,NA,NA,NA,NA,NA,3,156,154,155,156,NA,TS-A
XS-BOM013,VFD-013,AO,A,GAB-001,PLC-001,CB-VFD-013-A-1,1,1,CB-VFD-013-A-1,NA,NA,NA,NA,NA,3,159,157,158,159,NA,TS-A
XS-BOM014,VFD-014,AO,A,GAB-001,PLC-001,CB-VFD-014-A-1,1,1,CB-VFD-014-A-1,NA,NA,NA,NA,NA,3,162,160,161,162,NA,TS-A
XS-BOM015,VFD-015,AO,A,GAB-001,PLC-001,CB-VFD-015-A-1,1,1,CB-VFD-015-A-1,NA,NA,NA,NA,NA,3,165,163,164,165,NA,TS-A
XC-KV001,KV-001,DO,D,JBI-001,PLC-001,CB-KV-001-D-1,1,1,CB-JBI-001-D-1,1,2,NA,NA,TS-D,2,2,1,2,NA,NA,TS-D
XLR-KV001,KV-001,DI,D,JBI-001,PLC-001,CB-KV-001-D-1,2,2,CB-JBI-001-D-1,3,4,NA,NA,TS-D,2,4,3,4,NA,NA,TS-D
XO-KV001,KV-001,DO,D,JBI-001,PLC-001,CB-KV-001-D-1,3,3,CB-JBI-001-D-1,5,6,NA,NA,TS-D,2,6,5,6,NA,NA,TS-D
ZIC-KV001,KV-001,DI,D,JBI-001,PLC-001,CB-KV-001-D-1,4,4,CB-JBI-001-D-1,7,8,NA,NA,TS-D,2,8,7,8,NA,NA,TS-D
ZIO-KV001,KV-001,DI,D,JBI-001,PLC-001,CB-KV-001-D-1,5,5,CB-JBI-001-D-1,9,10,NA,NA,TS-D,2,10,9,10,NA,NA,TS-D
RESERVA,KV-001,NA,D,JBI-001,PLC-001,CB-KV-001-D-1,6,6,CB-JBI-001-D-1,11,12,NA,NA,TS-D,2,12,11,12,NA,NA,TS-D
RESERVA,KV-001,NA,D,JBI-001,PLC-001,CB-KV-001-D-1,7,7,CB-JBI-001-D-1,13,14,NA,NA,TS-D,2,14,13,14,NA,NA,TS-D
RESERVA,KV-001,NA,D,JBI-001,PLC-001,CB-KV-001-D-1,8,8,CB-JBI-001-D-1,15,16,NA,NA,TS-D,2,16,15,16,NA,NA,TS-D
XC-KV002,KV-002,DO,D,JBI-001,PLC-001,CB-KV-002-D-1,1,9,CB-JBI-001-D-1,17,18,NA,NA,TS-D,2,18,17,18,NA,NA,TS-D
XLR-KV002,KV-002,DI,D,JBI-001,PLC-001,CB-KV-002-D-1,2,10,CB-JBI-001-D-1,19,20,NA,NA,TS-D,2,20,19,20,NA,NA,TS-D
XO-KV002,KV-002,DO,D,JBI-001,PLC-001,CB-KV-002-D-1,3,11,CB-JBI-001-D-1,21,22,NA,NA,TS-D,2,22,21,22,NA,NA,TS-D
ZIC-KV002,KV-002,DI,D,JBI-001,PLC-001,CB-KV-002-D-1,4,12,CB-JBI-001-D-1,23,24,NA,NA,TS-D,2,24,23,24,NA,NA,TS-D
ZIO-KV002,KV-002,DI,D,JBI-001,PLC-001,CB-KV-002-D-1,5,13,CB-JBI-001-D-1,25,26,NA,NA,TS-D,2,26,25,26,NA,NA,TS-D
RESERVA,KV-002,NA,D,JBI-001,PLC-001,CB-KV-002-D-1,6,14,CB-JBI-001-D-1,27,28,NA,NA,TS-D,2,28,27,28,NA,NA,TS-D
RESERVA,KV-002,NA,D,JBI-001,PLC-001,CB-KV-002-D-1,7,15,CB-JBI-001-D-1,29,30,NA,NA,TS-D,2,30,29,30,NA,NA,TS-D
RESERVA,KV-002,NA,D,JBI-001,PLC-001,CB-KV-002-D-1,8,16,CB-JBI-001-D-1,31,32,NA,NA,TS-D,2,32,31,32,NA,NA,TS-D
XC-KV003,KV-003,DO,D,JBI-001,PLC-001,CB-KV-003-D-1,1,17,CB-JBI-001-D-1,33,34,NA,NA,TS-D,2,34,33,34,NA,NA,TS-D
XLR-KV003,KV-003,DI,D,JBI-001,PLC-001,CB-KV-003-D-1,2,18,CB-JBI-001-D-1,35,36,NA,NA,TS-D,2,36,35,36,NA,NA,TS-D
XO-KV003,KV-003,DO,D,JBI-001,PLC-001,CB-KV-003-D-1,3,19,CB-JBI-001-D-1,37,38,NA,NA,TS-D,2,38,37,38,NA,NA,TS-D
ZIC-KV003,KV-003,DI,D,JBI-001,PLC-001,CB-KV-003-D-1,4,20,CB-JBI-001-D-1,39,40,NA,NA,TS-D,2,40,39,40,NA,NA,TS-D
ZIO-KV003,KV-003,DI,D,JBI-001,PLC-001,CB-KV-003-D-1,5,21,CB-JBI-001-D-1,41,42,NA,NA,TS-D,2,42,41,42,NA,NA,TS-D
RESERVA,KV-003,NA,D,JBI-001,PLC-001,CB-KV-003-D-1,6,22,CB-JBI-001-D-1,43,44,NA,NA,TS-D,2,44,43,44,NA,NA,TS-D
RESERVA,KV-003,NA,D,JBI-001,PLC-001,CB-KV-003-D-1,7,23,CB-JBI-001-D-1,45,46,NA,NA,TS-D,2,46,45,46,NA,NA,TS-D
RESERVA,KV-003,NA,D,JBI-001,PLC-001,CB-KV-003-D-1,8,24,CB-JBI-001-D-1,47,48,NA,NA,TS-D,2,48,47,48,NA,NA,TS-D
XC-KV004,KV-004,DO,D,JBI-001,PLC-001,CB-KV-004-D-1,1,1,CB-JBI-001-D-2,49,50,NA,NA,TS-D,2,50,49,50,NA,NA,TS-D
XLR-KV004,KV-004,DI,D,JBI-001,PLC-001,CB-KV-004-D-1,2,2,CB-JBI-001-D-2,51,52,NA,NA,TS-D,2,52,51,52,NA,NA,TS-D
XO-KV004,KV-004,DO,D,JBI-001,PLC-001,CB-KV-004-D-1,3,3,CB-JBI-001-D-2,53,54,NA,NA,TS-D,2,54,53,54,NA,NA,TS-D
ZIC-KV004,KV-004,DI,D,JBI-001,PLC-001,CB-KV-004-D-1,4,4,CB-JBI-001-D-2,55,56,NA,NA,TS-D,2,56,55,56,NA,NA,TS-D
ZIO-KV004,KV-004,DI,D,JBI-001,PLC-001,CB-KV-004-D-1,5,5,CB-JBI-001-D-2,57,58,NA,NA,TS-D,2,58,57,58,NA,NA,TS-D
RESERVA,KV-004,NA,D,JBI-001,PLC-001,CB-KV-004-D-1,6,6,CB-JBI-001-D-2,59,60,NA,NA,TS-D,2,60,59,60,NA,NA,TS-D
RESERVA,KV-004,NA,D,JBI-001,PLC-001,CB-KV-004-D-1,7,7,CB-JBI-001-D-2,61,62,NA,NA,TS-D,2,62,61,62,NA,NA,TS-D
RESERVA,KV-004,NA,D,JBI-001,PLC-001,CB-KV-004-D-1,8,8,CB-JBI-001-D-2,63,64,NA,NA,TS-D,2,64,63,64,NA,NA,TS-D
LAHH-001,LS-001,DI,D,JBI-001,PLC-001,CB-LS-001-D-1,1,9,CB-JBI-001-D-2,65,66,NA,NA,TS-D,2,66,65,66,NA,NA,TS-D
XV-001,SV-001,DO,D,JBI-001,PLC-001,CB-SV-001-D-1,1,10,CB-JBI-001-D-2,67,68,NA,NA,TS-D,2,68,67,68,NA,NA,TS-D
RESERVA,NA,NA,D,JBI-001,PLC-001,NA,NA,11,CB-JBI-001-D-2,69,70,NA,NA,TS-D,2,70,69,70,NA,NA,TS-D
RESERVA,NA,NA,D,JBI-001,PLC-001,NA,NA,12,CB-JBI-001-D-2,71,72,NA,NA,TS-D,2,72,71,72,NA,NA,TS-D
RESERVA,NA,NA,D,JBI-001,PLC-001,NA,NA,13,CB-JBI-001-D-2,73,74,NA,NA,TS-D,2,74,73,74,NA,NA,TS-D
RESERVA,NA,NA,D,JBI-001,PLC-001,NA,NA,14,CB-JBI-001-D-2,75,76,NA,NA,TS-D,2,76,75,76,NA,NA,TS-D
RESERVA,NA,NA,D,JBI-001,PLC-001,NA,NA,15,CB-JBI-001-D-2,77,78,NA,NA,TS-D,2,78,77,78,NA,NA,TS-D
RESERVA,NA,NA,D,JBI-001,PLC-001,NA,NA,16,CB-JBI-001-D-2,79,80,NA,NA,TS-D,2,80,79,80,NA,NA,TS-D
XC-FCV001,FCV-001,DO,D,JBI-002,PLC-001,CB-FCV-001-D-1,1,1,CB-JBI-002-D-1,1,2,NA,NA,TS-D,2,82,81,82,NA,NA,TS-D
XLR-FCV001,FCV-001,DI,D,JBI-002,PLC-001,CB-FCV-001-D-1,2,2,CB-JBI-002-D-1,3,4,NA,NA,TS-D,2,84,83,84,NA,NA,TS-D
XO-FCV001,FCV-001,DO,D,JBI-002,PLC-001,CB-FCV-001-D-1,3,3,CB-JBI-002-D-1,5,6,NA,NA,TS-D,2,86,85,86,NA,NA,TS-D
ZIC-FCV001,FCV-001,DI,D,JBI-002,PLC-001,CB-FCV-001-D-1,4,4,CB-JBI-002-D-1,7,8,NA,NA,TS-D,2,88,87,88,NA,NA,TS-D
ZIO-FCV001,FCV-001,DI,D,JBI-002,PLC-001,CB-FCV-001-D-1,5,5,CB-JBI-002-D-1,9,10,NA,NA,TS-D,2,90,89,90,NA,NA,TS-D
RESERVA,FCV-001,NA,D,JBI-002,PLC-001,CB-FCV-001-D-1,6,6,CB-JBI-002-D-1,11,12,NA,NA,TS-D,2,92,91,92,NA,NA,TS-D
RESERVA,FCV-001,NA,D,JBI-002,PLC-001,CB-FCV-001-D-1,7,7,CB-JBI-002-D-1,13,14,NA,NA,TS-D,2,94,93,94,NA,NA,TS-D
RESERVA,FCV-001,NA,D,JBI-002,PLC-001,CB-FCV-001-D-1,8,8,CB-JBI-002-D-1,15,16,NA,NA,TS-D,2,96,95,96,NA,NA,TS-D
XC-FCV002,FCV-002,DO,D,JBI-002,PLC-001,CB-FCV-002-D-1,1,9,CB-JBI-002-D-1,17,18,NA,NA,TS-D,2,98,97,98,NA,NA,TS-D
XLR-FCV002,FCV-002,DI,D,JBI-002,PLC-001,CB-FCV-002-D-1,2,10,CB-JBI-002-D-1,19,20,NA,NA,TS-D,2,100,99,100,NA,NA,TS-D
XO-FCV002,FCV-002,DO,D,JBI-002,PLC-001,CB-FCV-002-D-1,3,11,CB-JBI-002-D-1,21,22,NA,NA,TS-D,2,102,101,102,NA,NA,TS-D
ZIC-FCV002,FCV-002,DI,D,JBI-002,PLC-001,CB-FCV-002-D-1,4,12,CB-JBI-002-D-1,23,24,NA,NA,TS-D,2,104,103,104,NA,NA,TS-D
ZIO-FCV002,FCV-002,DI,D,JBI-002,PLC-001,CB-FCV-002-D-1,5,13,CB-JBI-002-D-1,25,26,NA,NA,TS-D,2,106,105,106,NA,NA,TS-D
RESERVA,FCV-002,NA,D,JBI-002,PLC-001,CB-FCV-002-D-1,6,14,CB-JBI-002-D-1,27,28,NA,NA,TS-D,2,108,107,108,NA,NA,TS-D
RESERVA,FCV-002,NA,D,JBI-002,PLC-001,CB-FCV-002-D-1,7,15,CB-JBI-002-D-1,29,30,NA,NA,TS-D,2,110,109,110,NA,NA,TS-D
RESERVA,FCV-002,NA,D,JBI-002,PLC-001,CB-FCV-002-D-1,8,16,CB-JBI-002-D-1,31,32,NA,NA,TS-D,2,112,111,112,NA,NA,TS-D
XC-FCV003,FCV-003,DO,D,JBI-002,PLC-001,CB-FCV-003-D-1,1,17,CB-JBI-002-D-1,33,34,NA,NA,TS-D,2,114,113,114,NA,NA,TS-D
XLR-FCV003,FCV-003,DI,D,JBI-002,PLC-001,CB-FCV-003-D-1,2,18,CB-JBI-002-D-1,35,36,NA,NA,TS-D,2,116,115,116,NA,NA,TS-D
XO-FCV003,FCV-003,DO,D,JBI-002,PLC-001,CB-FCV-003-D-1,3,19,CB-JBI-002-D-1,37,38,NA,NA,TS-D,2,118,117,118,NA,NA,TS-D
ZIC-FCV003,FCV-003,DI,D,JBI-002,PLC-001,CB-FCV-003-D-1,4,20,CB-JBI-002-D-1,39,40,NA,NA,TS-D,2,120,119,120,NA,NA,TS-D
ZIO-FCV003,FCV-003,DI,D,JBI-002,PLC-001,CB-FCV-003-D-1,5,21,CB-JBI-002-D-1,41,42,NA,NA,TS-D,2,122,121,122,NA,NA,TS-D
RESERVA,FCV-003,NA,D,JBI-002,PLC-001,CB-FCV-003-D-1,6,22,CB-JBI-002-D-1,43,44,NA,NA,TS-D,2,124,123,124,NA,NA,TS-D
RESERVA,FCV-003,NA,D,JBI-002,PLC-001,CB-FCV-003-D-1,7,23,CB-JBI-002-D-1,45,46,NA,NA,TS-D,2,126,125,126,NA,NA,TS-D
RESERVA,FCV-003,NA,D,JBI-002,PLC-001,CB-FCV-003-D-1,8,24,CB-JBI-002-D-1,47,48,NA,NA,TS-D,2,128,127,128,NA,NA,TS-D
XC-FCV004,FCV-004,DO,D,JBI-002,PLC-001,CB-FCV-004-D-1,1,1,CB-JBI-002-D-2,49,50,NA,NA,TS-D,2,130,129,130,NA,NA,TS-D
XLR-FCV004,FCV-004,DI,D,JBI-002,PLC-001,CB-FCV-004-D-1,2,2,CB-JBI-002-D-2,51,52,NA,NA,TS-D,2,132,131,132,NA,NA,TS-D
XO-FCV004,FCV-004,DO,D,JBI-002,PLC-001,CB-FCV-004-D-1,3,3,CB-JBI-002-D-2,53,54,NA,NA,TS-D,2,134,133,134,NA,NA,TS-D
ZIC-FCV004,FCV-004,DI,D,JBI-002,PLC-001,CB-FCV-004-D-1,4,4,CB-JBI-002-D-2,55,56,NA,NA,TS-D,2,136,135,136,NA,NA,TS-D
ZIO-FCV004,FCV-004,DI,D,JBI-002,PLC-001,CB-FCV-004-D-1,5,5,CB-JBI-002-D-2,57,58,NA,NA,TS-D,2,138,137,138,NA,NA,TS-D
RESERVA,FCV-004,NA,D,JBI-002,PLC-001,CB-FCV-004-D-1,6,6,CB-JBI-002-D-2,59,60,NA,NA,TS-D,2,140,139,140,NA,NA,TS-D
RESERVA,FCV-004,NA,D,JBI-002,PLC-001,CB-FCV-004-D-1,7,7,CB-JBI-002-D-2,61,62,NA,NA,TS-D,2,142,141,142,NA,NA,TS-D
RESERVA,FCV-004,NA,D,JBI-002,PLC-001,CB-FCV-004-D-1,8,8,CB-JBI-002-D-2,63,64,NA,NA,TS-D,2,144,143,144,NA,NA,TS-D
XV-004,SV-004,DO,D,JBI-002,PLC-001,CB-SV-004-D-1,1,9,CB-JBI-002-D-2,65,66,NA,NA,TS-D,2,146,145,146,NA,NA,TS-D
XV-006,SV-006,DO,D,JBI-002,PLC-001,CB-SV-006-D-1,1,10,CB-JBI-002-D-2,67,68,NA,NA,TS-D,2,148,147,148,NA,NA,TS-D
XV-008,SV-008,DO,D,JBI-002,PLC-001,CB-SV-008-D-1,1,11,CB-JBI-002-D-2,69,70,NA,NA,TS-D,2,150,149,150,NA,NA,TS-D
XV-306,SV-306,DO,D,JBI-002,PLC-001,CB-SV-306-D-1,1,12,CB-JBI-002-D-2,71,72,NA,NA,TS-D,2,152,151,152,NA,NA,TS-D
RESERVA,NA,NA,D,JBI-002,PLC-001,NA,NA,13,CB-JBI-002-D-2,73,74,NA,NA,TS-D,2,154,153,154,NA,NA,TS-D
RESERVA,NA,NA,D,JBI-002,PLC-001,NA,NA,14,CB-JBI-002-D-2,75,76,NA,NA,TS-D,2,156,155,156,NA,NA,TS-D
RESERVA,NA,NA,D,JBI-002,PLC-001,NA,NA,15,CB-JBI-002-D-2,77,78,NA,NA,TS-D,2,158,157,158,NA,NA,TS-D
RESERVA,NA,NA,D,JBI-002,PLC-001,NA,NA,16,CB-JBI-002-D-2,79,80,NA,NA,TS-D,2,160,159,160,NA,NA,TS-D
ESD-SEDP002,BOT-SEDP002,DI,D,JBI-003,PLC-001,CB-BOT-SEDP002-D-1,1,1,CB-JBI-003-D-1,1,2,NA,NA,TS-D,2,162,161,162,NA,NA,TS-D
XLR-SEDP002,BOT-SEDP002,DI,D,JBI-003,PLC-001,CB-BOT-SEDP002-D-1,2,2,CB-JBI-003-D-1,3,4,NA,NA,TS-D,2,164,163,164,NA,NA,TS-D
ESD-SEDP003,BOT-SEDP003,DI,D,JBI-003,PLC-001,CB-BOT-SEDP003-D-1,1,3,CB-JBI-003-D-1,5,6,NA,NA,TS-D,2,166,165,166,NA,NA,TS-D
XLR-SEDP003,BOT-SEDP003,DI,D,JBI-003,PLC-001,CB-BOT-SEDP003-D-1,2,4,CB-JBI-003-D-1,7,8,NA,NA,TS-D,2,168,167,168,NA,NA,TS-D
RESERVA,NA,NA,D,JBI-003,PLC-001,NA,NA,5,CB-JBI-003-D-1,9,10,NA,NA,TS-D,2,170,169,170,NA,NA,TS-D
RESERVA,NA,NA,D,JBI-003,PLC-001,NA,NA,6,CB-JBI-003-D-1,11,12,NA,NA,TS-D,2,172,171,172,NA,NA,TS-D
RESERVA,NA,NA,D,JBI-003,PLC-001,NA,NA,7,CB-JBI-003-D-1,13,14,NA,NA,TS-D,2,174,173,174,NA,NA,TS-D
RESERVA,NA,NA,D,JBI-003,PLC-001,NA,NA,8,CB-JBI-003-D-1,15,16,NA,NA,TS-D,2,176,175,176,NA,NA,TS-D
ESD-SEDP001,BOT-SEDP001,DI,D,JBI-004,PLC-001,CB-BOT-SEDP001-D-1,1,1,CB-JBI-004-D-1,1,2,NA,NA,TS-D,2,178,177,178,NA,NA,TS-D
XLR-SEDP001,BOT-SEDP001,DI,D,JBI-004,PLC-001,CB-BOT-SEDP001-D-1,2,2,CB-JBI-004-D-1,3,4,NA,NA,TS-D,2,180,179,180,NA,NA,TS-D
XC-FCV005,FCV-005,DO,D,JBI-004,PLC-001,CB-FCV-005-D-1,1,3,CB-JBI-004-D-1,5,6,NA,NA,TS-D,2,182,181,182,NA,NA,TS-D
XLR-FCV005,FCV-005,DI,D,JBI-004,PLC-001,CB-FCV-005-D-1,2,4,CB-JBI-004-D-1,7,8,NA,NA,TS-D,2,184,183,184,NA,NA,TS-D
XO-FCV005,FCV-005,DO,D,JBI-004,PLC-001,CB-FCV-005-D-1,3,5,CB-JBI-004-D-1,9,10,NA,NA,TS-D,2,186,185,186,NA,NA,TS-D
ZIC-FCV005,FCV-005,DI,D,JBI-004,PLC-001,CB-FCV-005-D-1,4,6,CB-JBI-004-D-1,11,12,NA,NA,TS-D,2,188,187,188,NA,NA,TS-D
ZIO-FCV005,FCV-005,DI,D,JBI-004,PLC-001,CB-FCV-005-D-1,5,7,CB-JBI-004-D-1,13,14,NA,NA,TS-D,2,190,189,190,NA,NA,TS-D
RESERVA,FCV-005,NA,D,JBI-004,PLC-001,CB-FCV-005-D-1,6,8,CB-JBI-004-D-1,15,16,NA,NA,TS-D,2,192,191,192,NA,NA,TS-D
RESERVA,FCV-005,NA,D,JBI-004,PLC-001,CB-FCV-005-D-1,7,9,CB-JBI-004-D-1,17,18,NA,NA,TS-D,2,194,193,194,NA,NA,TS-D
RESERVA,FCV-005,NA,D,JBI-004,PLC-001,CB-FCV-005-D-1,8,10,CB-JBI-004-D-1,19,20,NA,NA,TS-D,2,196,195,196,NA,NA,TS-D
XC-FCV006,FCV-006,DO,D,JBI-004,PLC-001,CB-FCV-006-D-1,1,11,CB-JBI-004-D-1,21,22,NA,NA,TS-D,2,198,197,198,NA,NA,TS-D
XLR-FCV006,FCV-006,DI,D,JBI-004,PLC-001,CB-FCV-006-D-1,2,12,CB-JBI-004-D-1,23,24,NA,NA,TS-D,2,200,199,200,NA,NA,TS-D
XO-FCV006,FCV-006,DO,D,JBI-004,PLC-001,CB-FCV-006-D-1,3,13,CB-JBI-004-D-1,25,26,NA,NA,TS-D,2,202,201,202,NA,NA,TS-D
ZIC-FCV006,FCV-006,DI,D,JBI-004,PLC-001,CB-FCV-006-D-1,4,14,CB-JBI-004-D-1,27,28,NA,NA,TS-D,2,204,203,204,NA,NA,TS-D
ZIO-FCV006,FCV-006,DI,D,JBI-004,PLC-001,CB-FCV-006-D-1,5,15,CB-JBI-004-D-1,29,30,NA,NA,TS-D,2,206,205,206,NA,NA,TS-D
RESERVA,FCV-006,NA,D,JBI-004,PLC-001,CB-FCV-006-D-1,6,16,CB-JBI-004-D-1,31,32,NA,NA,TS-D,2,208,207,208,NA,NA,TS-D
RESERVA,FCV-006,NA,D,JBI-004,PLC-001,CB-FCV-006-D-1,7,17,CB-JBI-004-D-1,33,34,NA,NA,TS-D,2,210,209,210,NA,NA,TS-D
RESERVA,FCV-006,NA,D,JBI-004,PLC-001,CB-FCV-006-D-1,8,18,CB-JBI-004-D-1,35,36,NA,NA,TS-D,2,212,211,212,NA,NA,TS-D
XC-FCV007,FCV-007,DO,D,JBI-004,PLC-001,CB-FCV-007-D-1,1,19,CB-JBI-004-D-1,37,38,NA,NA,TS-D,2,214,213,214,NA,NA,TS-D
XLR-FCV007,FCV-007,DI,D,JBI-004,PLC-001,CB-FCV-007-D-1,2,20,CB-JBI-004-D-1,39,40,NA,NA,TS-D,2,216,215,216,NA,NA,TS-D
XO-FCV007,FCV-007,DO,D,JBI-004,PLC-001,CB-FCV-007-D-1,3,21,CB-JBI-004-D-1,41,42,NA,NA,TS-D,2,218,217,218,NA,NA,TS-D
ZIC-FCV007,FCV-007,DI,D,JBI-004,PLC-001,CB-FCV-007-D-1,4,22,CB-JBI-004-D-1,43,44,NA,NA,TS-D,2,220,219,220,NA,NA,TS-D
ZIO-FCV007,FCV-007,DI,D,JBI-004,PLC-001,CB-FCV-007-D-1,5,23,CB-JBI-004-D-1,45,46,NA,NA,TS-D,2,222,221,222,NA,NA,TS-D
RESERVA,FCV-007,NA,D,JBI-004,PLC-001,CB-FCV-007-D-1,6,24,CB-JBI-004-D-1,47,48,NA,NA,TS-D,2,224,223,224,NA,NA,TS-D
RESERVA,FCV-007,NA,D,JBI-004,PLC-001,CB-FCV-007-D-1,7,1,CB-JBI-004-D-2,49,50,NA,NA,TS-D,2,226,225,226,NA,NA,TS-D
RESERVA,FCV-007,NA,D,JBI-004,PLC-001,CB-FCV-007-D-1,8,2,CB-JBI-004-D-2,51,52,NA,NA,TS-D,2,228,227,228,NA,NA,TS-D
XC-FCV008,FCV-008,DO,D,JBI-004,PLC-001,CB-FCV-008-D-1,1,3,CB-JBI-004-D-2,53,54,NA,NA,TS-D,2,230,229,230,NA,NA,TS-D
XLR-FCV008,FCV-008,DI,D,JBI-004,PLC-001,CB-FCV-008-D-1,2,4,CB-JBI-004-D-2,55,56,NA,NA,TS-D,2,232,231,232,NA,NA,TS-D
XO-FCV008,FCV-008,DO,D,JBI-004,PLC-001,CB-FCV-008-D-1,3,5,CB-JBI-004-D-2,57,58,NA,NA,TS-D,2,234,233,234,NA,NA,TS-D
ZIC-FCV008,FCV-008,DI,D,JBI-004,PLC-001,CB-FCV-008-D-1,4,6,CB-JBI-004-D-2,59,60,NA,NA,TS-D,2,236,235,236,NA,NA,TS-D
ZIO-FCV008,FCV-008,DI,D,JBI-004,PLC-001,CB-FCV-008-D-1,5,7,CB-JBI-004-D-2,61,62,NA,NA,TS-D,2,238,237,238,NA,NA,TS-D
RESERVA,FCV-008,NA,D,JBI-004,PLC-001,CB-FCV-008-D-1,6,8,CB-JBI-004-D-2,63,64,NA,NA,TS-D,2,240,239,240,NA,NA,TS-D
RESERVA,FCV-008,NA,D,JBI-004,PLC-001,CB-FCV-008-D-1,7,9,CB-JBI-004-D-2,65,66,NA,NA,TS-D,2,242,241,242,NA,NA,TS-D
RESERVA,FCV-008,NA,D,JBI-004,PLC-001,CB-FCV-008-D-1,8,10,CB-JBI-004-D-2,67,68,NA,NA,TS-D,2,244,243,244,NA,NA,TS-D
RESERVA,NA,NA,D,JBI-004,PLC-001,NA,NA,11,CB-JBI-004-D-2,69,70,NA,NA,TS-D,2,246,245,246,NA,NA,TS-D
RESERVA,NA,NA,D,JBI-004,PLC-001,NA,NA,12,CB-JBI-004-D-2,71,72,NA,NA,TS-D,2,248,247,248,NA,NA,TS-D
RESERVA,NA,NA,D,JBI-004,PLC-001,NA,NA,13,CB-JBI-004-D-2,73,74,NA,NA,TS-D,2,250,249,250,NA,NA,TS-D
RESERVA,NA,NA,D,JBI-004,PLC-001,NA,NA,14,CB-JBI-004-D-2,75,76,NA,NA,TS-D,2,252,251,252,NA,NA,TS-D
RESERVA,NA,NA,D,JBI-004,PLC-001,NA,NA,15,CB-JBI-004-D-2,77,78,NA,NA,TS-D,2,254,253,254,NA,NA,TS-D
RESERVA,NA,NA,D,JBI-004,PLC-001,NA,NA,16,CB-JBI-004-D-2,79,80,NA,NA,TS-D,2,256,255,256,NA,NA,TS-D
XA-BIV001,BIV-001,DI,D,GAB-001,PLC-001,CB-BIV-001-D-1,1,1,CB-BIV-001-D-1,NA,NA,NA,NA,NA,2,258,257,258,NA,NA,TS-D
XC-BIV001,BIV-001,DO,D,GAB-001,PLC-001,CB-BIV-001-D-1,2,2,CB-BIV-001-D-1,NA,NA,NA,NA,NA,2,260,259,260,NA,NA,TS-D
XI-BIV001,BIV-001,DI,D,GAB-001,PLC-001,CB-BIV-001-D-1,3,3,CB-BIV-001-D-1,NA,NA,NA,NA,NA,2,262,261,262,NA,NA,TS-D
XLR-BIV001,BIV-001,DI,D,GAB-001,PLC-001,CB-BIV-001-D-1,4,4,CB-BIV-001-D-1,NA,NA,NA,NA,NA,2,264,263,264,NA,NA,TS-D
XO-BIV001,BIV-001,DO,D,GAB-001,PLC-001,CB-BIV-001-D-1,5,5,CB-BIV-001-D-1,NA,NA,NA,NA,NA,2,266,265,266,NA,NA,TS-D
RESERVA,BIV-001,NA,D,GAB-001,PLC-001,CB-BIV-001-D-1,6,6,CB-BIV-001-D-1,NA,NA,NA,NA,NA,2,268,267,268,NA,NA,TS-D
RESERVA,BIV-001,NA,D,GAB-001,PLC-001,CB-BIV-001-D-1,7,7,CB-BIV-001-D-1,NA,NA,NA,NA,NA,2,270,269,270,NA,NA,TS-D
RESERVA,BIV-001,NA,D,GAB-001,PLC-001,CB-BIV-001-D-1,8,8,CB-BIV-001-D-1,NA,NA,NA,NA,NA,2,272,271,272,NA,NA,TS-D
XC-BOM031,CEL-BOM031,DO,D,GAB-001,PLC-001,CB-CEL-BOM031-D-1,1,1,CB-CEL-BOM031-D-1,NA,NA,NA,NA,NA,2,274,273,274,NA,NA,TS-D
XO-BOM031,CEL-BOM031,DO,D,GAB-001,PLC-001,CB-CEL-BOM031-D-1,2,2,CB-CEL-BOM031-D-1,NA,NA,NA,NA,NA,2,276,275,276,NA,NA,TS-D
XC-BOM032,CEL-BOM032,DO,D,GAB-001,PLC-001,CB-CEL-BOM032-D-1,1,1,CB-CEL-BOM032-D-1,NA,NA,NA,NA,NA,2,278,277,278,NA,NA,TS-D
XO-BOM032,CEL-BOM032,DO,D,GAB-001,PLC-001,CB-CEL-BOM032-D-1,2,2,CB-CEL-BOM032-D-1,NA,NA,NA,NA,NA,2,280,279,280,NA,NA,TS-D
XC-BOM033,CEL-BOM033,DO,D,GAB-001,PLC-001,CB-CEL-BOM033-D-1,1,1,CB-CEL-BOM033-D-1,NA,NA,NA,NA,NA,2,282,281,282,NA,NA,TS-D
XO-BOM033,CEL-BOM033,DO,D,GAB-001,PLC-001,CB-CEL-BOM033-D-1,2,2,CB-CEL-BOM033-D-1,NA,NA,NA,NA,NA,2,284,283,284,NA,NA,TS-D
XC-BOM034,CEL-BOM034,DO,D,GAB-001,PLC-001,CB-CEL-BOM034-D-1,1,1,CB-CEL-BOM034-D-1,NA,NA,NA,NA,NA,2,286,285,286,NA,NA,TS-D
XO-BOM034,CEL-BOM034,DO,D,GAB-001,PLC-001,CB-CEL-BOM034-D-1,2,2,CB-CEL-BOM034-D-1,NA,NA,NA,NA,NA,2,288,287,288,NA,NA,TS-D
XC-SEDP001,CEL-SEDP001,DO,D,GAB-001,PLC-001,CB-CEL-SEDP001-D-1,1,1,CB-CEL-SEDP001-D-1,NA,NA,NA,NA,NA,2,290,289,290,NA,NA,TS-D
XO-SEDP001,CEL-SEDP001,DO,D,GAB-001,PLC-001,CB-CEL-SEDP001-D-1,2,2,CB-CEL-SEDP001-D-1,NA,NA,NA,NA,NA,2,292,291,292,NA,NA,TS-D
XC-SEDP002,CEL-SEDP002,DO,D,GAB-001,PLC-001,CB-CEL-SEDP002-D-1,1,1,CB-CEL-SEDP002-D-1,NA,NA,NA,NA,NA,2,294,293,294,NA,NA,TS-D
XO-SEDP002,CEL-SEDP002,DO,D,GAB-001,PLC-001,CB-CEL-SEDP002-D-1,2,2,CB-CEL-SEDP002-D-1,NA,NA,NA,NA,NA,2,296,295,296,NA,NA,TS-D
XC-SEDP003,CEL-SEDP003,DO,D,GAB-001,PLC-001,CB-CEL-SEDP003-D-1,1,1,CB-CEL-SEDP003-D-1,NA,NA,NA,NA,NA,2,298,297,298,NA,NA,TS-D
XO-SEDP003,CEL-SEDP003,DO,D,GAB-001,PLC-001,CB-CEL-SEDP003-D-1,2,2,CB-CEL-SEDP003-D-1,NA,NA,NA,NA,NA,2,300,299,300,NA,NA,TS-D
XC-CP001,CP-001,DO,D,GAB-001,PLC-001,CB-CP-001-D-1,1,1,CB-CP-001-D-1,NA,NA,NA,NA,NA,2,302,301,302,NA,NA,TS-D
XLR-CP001,CP-001,DI,D,GAB-001,PLC-001,CB-CP-001-D-1,2,2,CB-CP-001-D-1,NA,NA,NA,NA,NA,2,304,303,304,NA,NA,TS-D
XO-CP001,CP-001,DO,D,GAB-001,PLC-001,CB-CP-001-D-1,3,3,CB-CP-001-D-1,NA,NA,NA,NA,NA,2,306,305,306,NA,NA,TS-D
ZIC-CP001,CP-001,DI,D,GAB-001,PLC-001,CB-CP-001-D-1,4,4,CB-CP-001-D-1,NA,NA,NA,NA,NA,2,308,307,308,NA,NA,TS-D
ZIO-CP001,CP-001,DI,D,GAB-001,PLC-001,CB-CP-001-D-1,5,5,CB-CP-001-D-1,NA,NA,NA,NA,NA,2,310,309,310,NA,NA,TS-D
RESERVA,CP-001,NA,D,GAB-001,PLC-001,CB-CP-001-D-1,6,6,CB-CP-001-D-1,NA,NA,NA,NA,NA,2,312,311,312,NA,NA,TS-D
RESERVA,CP-001,NA,D,GAB-001,PLC-001,CB-CP-001-D-1,7,7,CB-CP-001-D-1,NA,NA,NA,NA,NA,2,314,313,314,NA,NA,TS-D
RESERVA,CP-001,NA,D,GAB-001,PLC-001,CB-CP-001-D-1,8,8,CB-CP-001-D-1,NA,NA,NA,NA,NA,2,316,315,316,NA,NA,TS-D
XC-CP002,CP-002,DO,D,GAB-001,PLC-001,CB-CP-002-D-1,1,1,CB-CP-002-D-1,NA,NA,NA,NA,NA,2,318,317,318,NA,NA,TS-D
XLR-CP002,CP-002,DI,D,GAB-001,PLC-001,CB-CP-002-D-1,2,2,CB-CP-002-D-1,NA,NA,NA,NA,NA,2,320,319,320,NA,NA,TS-D
XO-CP002,CP-002,DO,D,GAB-001,PLC-001,CB-CP-002-D-1,3,3,CB-CP-002-D-1,NA,NA,NA,NA,NA,2,322,321,322,NA,NA,TS-D
ZIC-CP002,CP-002,DI,D,GAB-001,PLC-001,CB-CP-002-D-1,4,4,CB-CP-002-D-1,NA,NA,NA,NA,NA,2,324,323,324,NA,NA,TS-D
ZIO-CP002,CP-002,DI,D,GAB-001,PLC-001,CB-CP-002-D-1,5,5,CB-CP-002-D-1,NA,NA,NA,NA,NA,2,326,325,326,NA,NA,TS-D
RESERVA,CP-002,NA,D,GAB-001,PLC-001,CB-CP-002-D-1,6,6,CB-CP-002-D-1,NA,NA,NA,NA,NA,2,328,327,328,NA,NA,TS-D
RESERVA,CP-002,NA,D,GAB-001,PLC-001,CB-CP-002-D-1,7,7,CB-CP-002-D-1,NA,NA,NA,NA,NA,2,330,329,330,NA,NA,TS-D
RESERVA,CP-002,NA,D,GAB-001,PLC-001,CB-CP-002-D-1,8,8,CB-CP-002-D-1,NA,NA,NA,NA,NA,2,332,331,332,NA,NA,TS-D
XC-CP003,CP-003,DO,D,GAB-001,PLC-001,CB-CP-003-D-1,1,1,CB-CP-003-D-1,NA,NA,NA,NA,NA,2,334,333,334,NA,NA,TS-D
XLR-CP003,CP-003,DI,D,GAB-001,PLC-001,CB-CP-003-D-1,2,2,CB-CP-003-D-1,NA,NA,NA,NA,NA,2,336,335,336,NA,NA,TS-D
XO-CP003,CP-003,DO,D,GAB-001,PLC-001,CB-CP-003-D-1,3,3,CB-CP-003-D-1,NA,NA,NA,NA,NA,2,338,337,338,NA,NA,TS-D
ZIC-CP003,CP-003,DI,D,GAB-001,PLC-001,CB-CP-003-D-1,4,4,CB-CP-003-D-1,NA,NA,NA,NA,NA,2,340,339,340,NA,NA,TS-D
ZIO-CP003,CP-003,DI,D,GAB-001,PLC-001,CB-CP-003-D-1,5,5,CB-CP-003-D-1,NA,NA,NA,NA,NA,2,342,341,342,NA,NA,TS-D
RESERVA,CP-003,NA,D,GAB-001,PLC-001,CB-CP-003-D-1,6,6,CB-CP-003-D-1,NA,NA,NA,NA,NA,2,344,343,344,NA,NA,TS-D
RESERVA,CP-003,NA,D,GAB-001,PLC-001,CB-CP-003-D-1,7,7,CB-CP-003-D-1,NA,NA,NA,NA,NA,2,346,345,346,NA,NA,TS-D
RESERVA,CP-003,NA,D,GAB-001,PLC-001,CB-CP-003-D-1,8,8,CB-CP-003-D-1,NA,NA,NA,NA,NA,2,348,347,348,NA,NA,TS-D
XA-FPER001,PNL-FPER001,DI,D,GAB-001,PLC-001,CB-PNL-FPER001-D-1,1,1,CB-PNL-FPER001-D-1,NA,NA,NA,NA,NA,2,350,349,350,NA,NA,TS-D
XC-FPER001,PNL-FPER001,DO,D,GAB-001,PLC-001,CB-PNL-FPER001-D-1,2,2,CB-PNL-FPER001-D-1,NA,NA,NA,NA,NA,2,352,351,352,NA,NA,TS-D
XI-FPER001,PNL-FPER001,DI,D,GAB-001,PLC-001,CB-PNL-FPER001-D-1,3,3,CB-PNL-FPER001-D-1,NA,NA,NA,NA,NA,2,354,353,354,NA,NA,TS-D
XLR-FPER001,PNL-FPER001,DI,D,GAB-001,PLC-001,CB-PNL-FPER001-D-1,4,4,CB-PNL-FPER001-D-1,NA,NA,NA,NA,NA,2,356,355,356,NA,NA,TS-D
XO-FPER001,PNL-FPER001,DO,D,GAB-001,PLC-001,CB-PNL-FPER001-D-1,5,5,CB-PNL-FPER001-D-1,NA,NA,NA,NA,NA,2,358,357,358,NA,NA,TS-D
RESERVA,PNL-FPER001,NA,D,GAB-001,PLC-001,CB-PNL-FPER001-D-1,6,6,CB-PNL-FPER001-D-1,NA,NA,NA,NA,NA,2,360,359,360,NA,NA,TS-D
RESERVA,PNL-FPER001,NA,D,GAB-001,PLC-001,CB-PNL-FPER001-D-1,7,7,CB-PNL-FPER001-D-1,NA,NA,NA,NA,NA,2,362,361,362,NA,NA,TS-D
RESERVA,PNL-FPER001,NA,D,GAB-001,PLC-001,CB-PNL-FPER001-D-1,8,8,CB-PNL-FPER001-D-1,NA,NA,NA,NA,NA,2,364,363,364,NA,NA,TS-D
XA-FPER002,PNL-FPER002,DI,D,GAB-001,PLC-001,CB-PNL-FPER002-D-1,1,1,CB-PNL-FPER002-D-1,NA,NA,NA,NA,NA,2,366,365,366,NA,NA,TS-D
XC-FPER002,PNL-FPER002,DO,D,GAB-001,PLC-001,CB-PNL-FPER002-D-1,2,2,CB-PNL-FPER002-D-1,NA,NA,NA,NA,NA,2,368,367,368,NA,NA,TS-D
XI-FPER002,PNL-FPER002,DI,D,GAB-001,PLC-001,CB-PNL-FPER002-D-1,3,3,CB-PNL-FPER002-D-1,NA,NA,NA,NA,NA,2,370,369,370,NA,NA,TS-D
XLR-FPER002,PNL-FPER002,DI,D,GAB-001,PLC-001,CB-PNL-FPER002-D-1,4,4,CB-PNL-FPER002-D-1,NA,NA,NA,NA,NA,2,372,371,372,NA,NA,TS-D
XO-FPER002,PNL-FPER002,DO,D,GAB-001,PLC-001,CB-PNL-FPER002-D-1,5,5,CB-PNL-FPER002-D-1,NA,NA,NA,NA,NA,2,374,373,374,NA,NA,TS-D
RESERVA,PNL-FPER002,NA,D,GAB-001,PLC-001,CB-PNL-FPER002-D-1,6,6,CB-PNL-FPER002-D-1,NA,NA,NA,NA,NA,2,376,375,376,NA,NA,TS-D
RESERVA,PNL-FPER002,NA,D,GAB-001,PLC-001,CB-PNL-FPER002-D-1,7,7,CB-PNL-FPER002-D-1,NA,NA,NA,NA,NA,2,378,377,378,NA,NA,TS-D
RESERVA,PNL-FPER002,NA,D,GAB-001,PLC-001,CB-PNL-FPER002-D-1,8,8,CB-PNL-FPER002-D-1,NA,NA,NA,NA,NA,2,380,379,380,NA,NA,TS-D
XA-FPER003,PNL-FPER003,DI,D,GAB-001,PLC-001,CB-PNL-FPER003-D-1,1,1,CB-PNL-FPER003-D-1,NA,NA,NA,NA,NA,2,382,381,382,NA,NA,TS-D
XC-FPER003,PNL-FPER003,DO,D,GAB-001,PLC-001,CB-PNL-FPER003-D-1,2,2,CB-PNL-FPER003-D-1,NA,NA,NA,NA,NA,2,384,383,384,NA,NA,TS-D
XI-FPER003,PNL-FPER003,DI,D,GAB-001,PLC-001,CB-PNL-FPER003-D-1,3,3,CB-PNL-FPER003-D-1,NA,NA,NA,NA,NA,2,386,385,386,NA,NA,TS-D
XLR-FPER003,PNL-FPER003,DI,D,GAB-001,PLC-001,CB-PNL-FPER003-D-1,4,4,CB-PNL-FPER003-D-1,NA,NA,NA,NA,NA,2,388,387,388,NA,NA,TS-D
XO-FPER003,PNL-FPER003,DO,D,GAB-001,PLC-001,CB-PNL-FPER003-D-1,5,5,CB-PNL-FPER003-D-1,NA,NA,NA,NA,NA,2,390,389,390,NA,NA,TS-D
RESERVA,PNL-FPER003,NA,D,GAB-001,PLC-001,CB-PNL-FPER003-D-1,6,6,CB-PNL-FPER003-D-1,NA,NA,NA,NA,NA,2,392,391,392,NA,NA,TS-D
RESERVA,PNL-FPER003,NA,D,GAB-001,PLC-001,CB-PNL-FPER003-D-1,7,7,CB-PNL-FPER003-D-1,NA,NA,NA,NA,NA,2,394,393,394,NA,NA,TS-D
RESERVA,PNL-FPER003,NA,D,GAB-001,PLC-001,CB-PNL-FPER003-D-1,8,8,CB-PNL-FPER003-D-1,NA,NA,NA,NA,NA,2,396,395,396,NA,NA,TS-D
XA-PCOMP001,PNL-PCOMP001,DI,D,GAB-001,PLC-001,CB-PNL-PCOMP001-D-1,1,1,CB-PNL-PCOMP001-D-1,NA,NA,NA,NA,NA,2,398,397,398,NA,NA,TS-D
XC-PCOMP001,PNL-PCOMP001,DO,D,GAB-001,PLC-001,CB-PNL-PCOMP001-D-1,2,2,CB-PNL-PCOMP001-D-1,NA,NA,NA,NA,NA,2,400,399,400,NA,NA,TS-D
XI-PCOMP001,PNL-PCOMP001,DI,D,GAB-001,PLC-001,CB-PNL-PCOMP001-D-1,3,3,CB-PNL-PCOMP001-D-1,NA,NA,NA,NA,NA,2,402,401,402,NA,NA,TS-D
XLR-PCOMP001,PNL-PCOMP001,DI,D,GAB-001,PLC-001,CB-PNL-PCOMP001-D-1,4,4,CB-PNL-PCOMP001-D-1,NA,NA,NA,NA,NA,2,404,403,404,NA,NA,TS-D
XO-PCOMP001,PNL-PCOMP001,DO,D,GAB-001,PLC-001,CB-PNL-PCOMP001-D-1,5,5,CB-PNL-PCOMP001-D-1,NA,NA,NA,NA,NA,2,406,405,406,NA,NA,TS-D
RESERVA,PNL-PCOMP001,NA,D,GAB-001,PLC-001,CB-PNL-PCOMP001-D-1,6,6,CB-PNL-PCOMP001-D-1,NA,NA,NA,NA,NA,2,408,407,408,NA,NA,TS-D
RESERVA,PNL-PCOMP001,NA,D,GAB-001,PLC-001,CB-PNL-PCOMP001-D-1,7,7,CB-PNL-PCOMP001-D-1,NA,NA,NA,NA,NA,2,410,409,410,NA,NA,TS-D
RESERVA,PNL-PCOMP001,NA,D,GAB-001,PLC-001,CB-PNL-PCOMP001-D-1,8,8,CB-PNL-PCOMP001-D-1,NA,NA,NA,NA,NA,2,412,411,412,NA,NA,TS-D
XA-PCOMP002,PNL-PCOMP002,DI,D,GAB-001,PLC-001,CB-PNL-PCOMP002-D-1,1,1,CB-PNL-PCOMP002-D-1,NA,NA,NA,NA,NA,2,414,413,414,NA,NA,TS-D
XC-PCOMP002,PNL-PCOMP002,DO,D,GAB-001,PLC-001,CB-PNL-PCOMP002-D-1,2,2,CB-PNL-PCOMP002-D-1,NA,NA,NA,NA,NA,2,416,415,416,NA,NA,TS-D
XI-PCOMP002,PNL-PCOMP002,DI,D,GAB-001,PLC-001,CB-PNL-PCOMP002-D-1,3,3,CB-PNL-PCOMP002-D-1,NA,NA,NA,NA,NA,2,418,417,418,NA,NA,TS-D
XLR-PCOMP002,PNL-PCOMP002,DI,D,GAB-001,PLC-001,CB-PNL-PCOMP002-D-1,4,4,CB-PNL-PCOMP002-D-1,NA,NA,NA,NA,NA,2,420,419,420,NA,NA,TS-D
XO-PCOMP002,PNL-PCOMP002,DO,D,GAB-001,PLC-001,CB-PNL-PCOMP002-D-1,5,5,CB-PNL-PCOMP002-D-1,NA,NA,NA,NA,NA,2,422,421,422,NA,NA,TS-D
RESERVA,PNL-PCOMP002,NA,D,GAB-001,PLC-001,CB-PNL-PCOMP002-D-1,6,6,CB-PNL-PCOMP002-D-1,NA,NA,NA,NA,NA,2,424,423,424,NA,NA,TS-D
RESERVA,PNL-PCOMP002,NA,D,GAB-001,PLC-001,CB-PNL-PCOMP002-D-1,7,7,CB-PNL-PCOMP002-D-1,NA,NA,NA,NA,NA,2,426,425,426,NA,NA,TS-D
RESERVA,PNL-PCOMP002,NA,D,GAB-001,PLC-001,CB-PNL-PCOMP002-D-1,8,8,CB-PNL-PCOMP002-D-1,NA,NA,NA,NA,NA,2,428,427,428,NA,NA,TS-D
XA-PCOMP003,PNL-PCOMP003,DI,D,GAB-001,PLC-001,CB-PNL-PCOMP003-D-1,1,1,CB-PNL-PCOMP003-D-1,NA,NA,NA,NA,NA,2,430,429,430,NA,NA,TS-D
XC-PCOMP003,PNL-PCOMP003,DO,D,GAB-001,PLC-001,CB-PNL-PCOMP003-D-1,2,2,CB-PNL-PCOMP003-D-1,NA,NA,NA,NA,NA,2,432,431,432,NA,NA,TS-D
XI-PCOMP003,PNL-PCOMP003,DI,D,GAB-001,PLC-001,CB-PNL-PCOMP003-D-1,3,3,CB-PNL-PCOMP003-D-1,NA,NA,NA,NA,NA,2,434,433,434,NA,NA,TS-D
XLR-PCOMP003,PNL-PCOMP003,DI,D,GAB-001,PLC-001,CB-PNL-PCOMP003-D-1,4,4,CB-PNL-PCOMP003-D-1,NA,NA,NA,NA,NA,2,436,435,436,NA,NA,TS-D
XO-PCOMP003,PNL-PCOMP003,DO,D,GAB-001,PLC-001,CB-PNL-PCOMP003-D-1,5,5,CB-PNL-PCOMP003-D-1,NA,NA,NA,NA,NA,2,438,437,438,NA,NA,TS-D
RESERVA,PNL-PCOMP003,NA,D,GAB-001,PLC-001,CB-PNL-PCOMP003-D-1,6,6,CB-PNL-PCOMP003-D-1,NA,NA,NA,NA,NA,2,440,439,440,NA,NA,TS-D
RESERVA,PNL-PCOMP003,NA,D,GAB-001,PLC-001,CB-PNL-PCOMP003-D-1,7,7,CB-PNL-PCOMP003-D-1,NA,NA,NA,NA,NA,2,442,441,442,NA,NA,TS-D
RESERVA,PNL-PCOMP003,NA,D,GAB-001,PLC-001,CB-PNL-PCOMP003-D-1,8,8,CB-PNL-PCOMP003-D-1,NA,NA,NA,NA,NA,2,444,443,444,NA,NA,TS-D
XA-REA001,PNL-REA001,DI,D,GAB-001,PLC-001,CB-PNL-REA001-D-1,1,1,CB-PNL-REA001-D-1,NA,NA,NA,NA,NA,2,446,445,446,NA,NA,TS-D
XC-REA001,PNL-REA001,DO,D,GAB-001,PLC-001,CB-PNL-REA001-D-1,2,2,CB-PNL-REA001-D-1,NA,NA,NA,NA,NA,2,448,447,448,NA,NA,TS-D
XI-REA001,PNL-REA001,DI,D,GAB-001,PLC-001,CB-PNL-REA001-D-1,3,3,CB-PNL-REA001-D-1,NA,NA,NA,NA,NA,2,450,449,450,NA,NA,TS-D
XLR-REA001,PNL-REA001,DI,D,GAB-001,PLC-001,CB-PNL-REA001-D-1,4,4,CB-PNL-REA001-D-1,NA,NA,NA,NA,NA,2,452,451,452,NA,NA,TS-D
XO-REA001,PNL-REA001,DO,D,GAB-001,PLC-001,CB-PNL-REA001-D-1,5,5,CB-PNL-REA001-D-1,NA,NA,NA,NA,NA,2,454,453,454,NA,NA,TS-D
RESERVA,PNL-REA001,NA,D,GAB-001,PLC-001,CB-PNL-REA001-D-1,6,6,CB-PNL-REA001-D-1,NA,NA,NA,NA,NA,2,456,455,456,NA,NA,TS-D
RESERVA,PNL-REA001,NA,D,GAB-001,PLC-001,CB-PNL-REA001-D-1,7,7,CB-PNL-REA001-D-1,NA,NA,NA,NA,NA,2,458,457,458,NA,NA,TS-D
RESERVA,PNL-REA001,NA,D,GAB-001,PLC-001,CB-PNL-REA001-D-1,8,8,CB-PNL-REA001-D-1,NA,NA,NA,NA,NA,2,460,459,460,NA,NA,TS-D
XA-REA002,PNL-REA002,DI,D,GAB-001,PLC-001,CB-PNL-REA002-D-1,1,1,CB-PNL-REA002-D-1,NA,NA,NA,NA,NA,2,462,461,462,NA,NA,TS-D
XC-REA002,PNL-REA002,DO,D,GAB-001,PLC-001,CB-PNL-REA002-D-1,2,2,CB-PNL-REA002-D-1,NA,NA,NA,NA,NA,2,464,463,464,NA,NA,TS-D
XI-REA002,PNL-REA002,DI,D,GAB-001,PLC-001,CB-PNL-REA002-D-1,3,3,CB-PNL-REA002-D-1,NA,NA,NA,NA,NA,2,466,465,466,NA,NA,TS-D
XLR-REA002,PNL-REA002,DI,D,GAB-001,PLC-001,CB-PNL-REA002-D-1,4,4,CB-PNL-REA002-D-1,NA,NA,NA,NA,NA,2,468,467,468,NA,NA,TS-D
XO-REA002,PNL-REA002,DO,D,GAB-001,PLC-001,CB-PNL-REA002-D-1,5,5,CB-PNL-REA002-D-1,NA,NA,NA,NA,NA,2,470,469,470,NA,NA,TS-D
RESERVA,PNL-REA002,NA,D,GAB-001,PLC-001,CB-PNL-REA002-D-1,6,6,CB-PNL-REA002-D-1,NA,NA,NA,NA,NA,2,472,471,472,NA,NA,TS-D
RESERVA,PNL-REA002,NA,D,GAB-001,PLC-001,CB-PNL-REA002-D-1,7,7,CB-PNL-REA002-D-1,NA,NA,NA,NA,NA,2,474,473,474,NA,NA,TS-D
RESERVA,PNL-REA002,NA,D,GAB-001,PLC-001,CB-PNL-REA002-D-1,8,8,CB-PNL-REA002-D-1,NA,NA,NA,NA,NA,2,476,475,476,NA,NA,TS-D
XA-BOM001,VFD-001,DI,D,GAB-001,PLC-001,CB-VFD-001-D-1,1,1,CB-VFD-001-D-1,NA,NA,NA,NA,NA,2,478,477,478,NA,NA,TS-D
XC-BOM001,VFD-001,DO,D,GAB-001,PLC-001,CB-VFD-001-D-1,2,2,CB-VFD-001-D-1,NA,NA,NA,NA,NA,2,480,479,480,NA,NA,TS-D
XI-BOM001,VFD-001,DI,D,GAB-001,PLC-001,CB-VFD-001-D-1,3,3,CB-VFD-001-D-1,NA,NA,NA,NA,NA,2,482,481,482,NA,NA,TS-D
XO-BOM001,VFD-001,DO,D,GAB-001,PLC-001,CB-VFD-001-D-1,4,4,CB-VFD-001-D-1,NA,NA,NA,NA,NA,2,484,483,484,NA,NA,TS-D
XA-BOM002,VFD-002,DI,D,GAB-001,PLC-001,CB-VFD-002-D-1,1,1,CB-VFD-002-D-1,NA,NA,NA,NA,NA,2,486,485,486,NA,NA,TS-D
XC-BOM002,VFD-002,DO,D,GAB-001,PLC-001,CB-VFD-002-D-1,2,2,CB-VFD-002-D-1,NA,NA,NA,NA,NA,2,488,487,488,NA,NA,TS-D
XI-BOM002,VFD-002,DI,D,GAB-001,PLC-001,CB-VFD-002-D-1,3,3,CB-VFD-002-D-1,NA,NA,NA,NA,NA,2,490,489,490,NA,NA,TS-D
XO-BOM002,VFD-002,DO,D,GAB-001,PLC-001,CB-VFD-002-D-1,4,4,CB-VFD-002-D-1,NA,NA,NA,NA,NA,2,492,491,492,NA,NA,TS-D
XA-BOM003,VFD-003,DI,D,GAB-001,PLC-001,CB-VFD-003-D-1,1,1,CB-VFD-003-D-1,NA,NA,NA,NA,NA,2,494,493,494,NA,NA,TS-D
XC-BOM003,VFD-003,DO,D,GAB-001,PLC-001,CB-VFD-003-D-1,2,2,CB-VFD-003-D-1,NA,NA,NA,NA,NA,2,496,495,496,NA,NA,TS-D
XI-BOM003,VFD-003,DI,D,GAB-001,PLC-001,CB-VFD-003-D-1,3,3,CB-VFD-003-D-1,NA,NA,NA,NA,NA,2,498,497,498,NA,NA,TS-D
XO-BOM003,VFD-003,DO,D,GAB-001,PLC-001,CB-VFD-003-D-1,4,4,CB-VFD-003-D-1,NA,NA,NA,NA,NA,2,500,499,500,NA,NA,TS-D
XA-BOM004,VFD-004,DI,D,GAB-001,PLC-001,CB-VFD-004-D-1,1,1,CB-VFD-004-D-1,NA,NA,NA,NA,NA,2,502,501,502,NA,NA,TS-D
XC-BOM004,VFD-004,DO,D,GAB-001,PLC-001,CB-VFD-004-D-1,2,2,CB-VFD-004-D-1,NA,NA,NA,NA,NA,2,504,503,504,NA,NA,TS-D
XI-BOM004,VFD-004,DI,D,GAB-001,PLC-001,CB-VFD-004-D-1,3,3,CB-VFD-004-D-1,NA,NA,NA,NA,NA,2,506,505,506,NA,NA,TS-D
XO-BOM004,VFD-004,DO,D,GAB-001,PLC-001,CB-VFD-004-D-1,4,4,CB-VFD-004-D-1,NA,NA,NA,NA,NA,2,508,507,508,NA,NA,TS-D
XA-BOM008,VFD-008,DI,D,GAB-001,PLC-001,CB-VFD-008-D-1,1,1,CB-VFD-008-D-1,NA,NA,NA,NA,NA,2,510,509,510,NA,NA,TS-D
XC-BOM008,VFD-008,DO,D,GAB-001,PLC-001,CB-VFD-008-D-1,2,2,CB-VFD-008-D-1,NA,NA,NA,NA,NA,2,512,511,512,NA,NA,TS-D
XI-BOM008,VFD-008,DI,D,GAB-001,PLC-001,CB-VFD-008-D-1,3,3,CB-VFD-008-D-1,NA,NA,NA,NA,NA,2,514,513,514,NA,NA,TS-D
XO-BOM008,VFD-008,DO,D,GAB-001,PLC-001,CB-VFD-008-D-1,4,4,CB-VFD-008-D-1,NA,NA,NA,NA,NA,2,516,515,516,NA,NA,TS-D
XA-BOM009,VFD-009,DI,D,GAB-001,PLC-001,CB-VFD-009-D-1,1,1,CB-VFD-009-D-1,NA,NA,NA,NA,NA,2,518,517,518,NA,NA,TS-D
XC-BOM009,VFD-009,DO,D,GAB-001,PLC-001,CB-VFD-009-D-1,2,2,CB-VFD-009-D-1,NA,NA,NA,NA,NA,2,520,519,520,NA,NA,TS-D
XI-BOM009,VFD-009,DI,D,GAB-001,PLC-001,CB-VFD-009-D-1,3,3,CB-VFD-009-D-1,NA,NA,NA,NA,NA,2,522,521,522,NA,NA,TS-D
XO-BOM009,VFD-009,DO,D,GAB-001,PLC-001,CB-VFD-009-D-1,4,4,CB-VFD-009-D-1,NA,NA,NA,NA,NA,2,524,523,524,NA,NA,TS-D
XA-BOM010,VFD-010,DI,D,GAB-001,PLC-001,CB-VFD-010-D-1,1,1,CB-VFD-010-D-1,NA,NA,NA,NA,NA,2,526,525,526,NA,NA,TS-D
XC-BOM010,VFD-010,DO,D,GAB-001,PLC-001,CB-VFD-010-D-1,2,2,CB-VFD-010-D-1,NA,NA,NA,NA,NA,2,528,527,528,NA,NA,TS-D
XI-BOM010,VFD-010,DI,D,GAB-001,PLC-001,CB-VFD-010-D-1,3,3,CB-VFD-010-D-1,NA,NA,NA,NA,NA,2,530,529,530,NA,NA,TS-D
XO-BOM010,VFD-010,DO,D,GAB-001,PLC-001,CB-VFD-010-D-1,4,4,CB-VFD-010-D-1,NA,NA,NA,NA,NA,2,532,531,532,NA,NA,TS-D
XA-BOM011,VFD-011,DI,D,GAB-001,PLC-001,CB-VFD-011-D-1,1,1,CB-VFD-011-D-1,NA,NA,NA,NA,NA,2,534,533,534,NA,NA,TS-D
XC-BOM011,VFD-011,DO,D,GAB-001,PLC-001,CB-VFD-011-D-1,2,2,CB-VFD-011-D-1,NA,NA,NA,NA,NA,2,536,535,536,NA,NA,TS-D
XI-BOM011,VFD-011,DI,D,GAB-001,PLC-001,CB-VFD-011-D-1,3,3,CB-VFD-011-D-1,NA,NA,NA,NA,NA,2,538,537,538,NA,NA,TS-D
XO-BOM011,VFD-011,DO,D,GAB-001,PLC-001,CB-VFD-011-D-1,4,4,CB-VFD-011-D-1,NA,NA,NA,NA,NA,2,540,539,540,NA,NA,TS-D
XA-BOM012,VFD-012,DI,D,GAB-001,PLC-001,CB-VFD-012-D-1,1,1,CB-VFD-012-D-1,NA,NA,NA,NA,NA,2,542,541,542,NA,NA,TS-D
XC-BOM012,VFD-012,DO,D,GAB-001,PLC-001,CB-VFD-012-D-1,2,2,CB-VFD-012-D-1,NA,NA,NA,NA,NA,2,544,543,544,NA,NA,TS-D
XI-BOM012,VFD-012,DI,D,GAB-001,PLC-001,CB-VFD-012-D-1,3,3,CB-VFD-012-D-1,NA,NA,NA,NA,NA,2,546,545,546,NA,NA,TS-D
XO-BOM012,VFD-012,DO,D,GAB-001,PLC-001,CB-VFD-012-D-1,4,4,CB-VFD-012-D-1,NA,NA,NA,NA,NA,2,548,547,548,NA,NA,TS-D
XA-BOM013,VFD-013,DI,D,GAB-001,PLC-001,CB-VFD-013-D-1,1,1,CB-VFD-013-D-1,NA,NA,NA,NA,NA,2,550,549,550,NA,NA,TS-D
XC-BOM013,VFD-013,DO,D,GAB-001,PLC-001,CB-VFD-013-D-1,2,2,CB-VFD-013-D-1,NA,NA,NA,NA,NA,2,552,551,552,NA,NA,TS-D
XI-BOM013,VFD-013,DI,D,GAB-001,PLC-001,CB-VFD-013-D-1,3,3,CB-VFD-013-D-1,NA,NA,NA,NA,NA,2,554,553,554,NA,NA,TS-D
XO-BOM013,VFD-013,DO,D,GAB-001,PLC-001,CB-VFD-013-D-1,4,4,CB-VFD-013-D-1,NA,NA,NA,NA,NA,2,556,555,556,NA,NA,TS-D
XA-BOM014,VFD-014,DI,D,GAB-001,PLC-001,CB-VFD-014-D-1,1,1,CB-VFD-014-D-1,NA,NA,NA,NA,NA,2,558,557,558,NA,NA,TS-D
XC-BOM014,VFD-014,DO,D,GAB-001,PLC-001,CB-VFD-014-D-1,2,2,CB-VFD-014-D-1,NA,NA,NA,NA,NA,2,560,559,560,NA,NA,TS-D
XI-BOM014,VFD-014,DI,D,GAB-001,PLC-001,CB-VFD-014-D-1,3,3,CB-VFD-014-D-1,NA,NA,NA,NA,NA,2,562,561,562,NA,NA,TS-D
XO-BOM014,VFD-014,DO,D,GAB-001,PLC-001,CB-VFD-014-D-1,4,4,CB-VFD-014-D-1,NA,NA,NA,NA,NA,2,564,563,564,NA,NA,TS-D
XA-BOM015,VFD-015,DI,D,GAB-001,PLC-001,CB-VFD-015-D-1,1,1,CB-VFD-015-D-1,NA,NA,NA,NA,NA,2,566,565,566,NA,NA,TS-D
XC-BOM015,VFD-015,DO,D,GAB-001,PLC-001,CB-VFD-015-D-1,2,2,CB-VFD-015-D-1,NA,NA,NA,NA,NA,2,568,567,568,NA,NA,TS-D
XI-BOM015,VFD-015,DI,D,GAB-001,PLC-001,CB-VFD-015-D-1,3,3,CB-VFD-015-D-1,NA,NA,NA,NA,NA,2,570,569,570,NA,NA,TS-D
XO-BOM015,VFD-015,DO,D,GAB-001,PLC-001,CB-VFD-015-D-1,4,4,CB-VFD-015-D-1,NA,NA,NA,NA,NA,2,572,571,572,NA,NA,TS-D
LI-006,LIT-006,AI,A,JBI-005,PLC-002,CB-LIT-006-A-1,1,1,CB-JBI-005-A-1,1,2,3,NA,TS-A,3,3,1,2,3,NA,TS-A
LI-008,LIT-008,AI,A,JBI-005,PLC-002,CB-LIT-008-A-1,1,2,CB-JBI-005-A-1,4,5,6,NA,TS-A,3,6,4,5,6,NA,TS-A
PI-019,PIT-019,AI,A,JBI-005,PLC-002,CB-PIT-019-A-1,1,3,CB-JBI-005-A-1,7,8,9,NA,TS-A,3,9,7,8,9,NA,TS-A
PI-020,PIT-020,AI,A,JBI-005,PLC-002,CB-PIT-020-A-1,1,4,CB-JBI-005-A-1,10,11,12,NA,TS-A,3,12,10,11,12,NA,TS-A
PI-021,PIT-021,AI,A,JBI-005,PLC-002,CB-PIT-021-A-1,1,5,CB-JBI-005-A-1,13,14,15,NA,TS-A,3,15,13,14,15,NA,TS-A
PI-022,PIT-022,AI,A,JBI-005,PLC-002,CB-PIT-022-A-1,1,6,CB-JBI-005-A-1,16,17,18,NA,TS-A,3,18,16,17,18,NA,TS-A
PI-023,PIT-023,AI,A,JBI-005,PLC-002,CB-PIT-023-A-1,1,7,CB-JBI-005-A-1,19,20,21,NA,TS-A,3,21,19,20,21,NA,TS-A
PI-024,PIT-024,AI,A,JBI-005,PLC-002,CB-PIT-024-A-1,1,8,CB-JBI-005-A-1,22,23,24,NA,TS-A,3,24,22,23,24,NA,TS-A
PI-025,PIT-025,AI,A,JBI-005,PLC-002,CB-PIT-025-A-1,1,9,CB-JBI-005-A-1,25,26,27,NA,TS-A,3,27,25,26,27,NA,TS-A
PI-029,PIT-029,AI,A,JBI-005,PLC-002,CB-PIT-029-A-1,1,10,CB-JBI-005-A-1,28,29,30,NA,TS-A,3,30,28,29,30,NA,TS-A
PI-030,PIT-030,AI,A,JBI-005,PLC-002,CB-PIT-030-A-1,1,11,CB-JBI-005-A-1,31,32,33,NA,TS-A,3,33,31,32,33,NA,TS-A
PI-031,PIT-031,AI,A,JBI-005,PLC-002,CB-PIT-031-A-1,1,12,CB-JBI-005-A-1,34,35,36,NA,TS-A,3,36,34,35,36,NA,TS-A
RESERVA,NA,NA,A,JBI-005,PLC-002,NA,NA,13,CB-JBI-005-A-1,37,38,39,NA,TS-A,3,39,37,38,39,NA,TS-A
RESERVA,NA,NA,A,JBI-005,PLC-002,NA,NA,14,CB-JBI-005-A-1,40,41,42,NA,TS-A,3,42,40,41,42,NA,TS-A
RESERVA,NA,NA,A,JBI-005,PLC-002,NA,NA,15,CB-JBI-005-A-1,43,44,45,NA,TS-A,3,45,43,44,45,NA,TS-A
RESERVA,NA,NA,A,JBI-005,PLC-002,NA,NA,16,CB-JBI-005-A-1,46,47,48,NA,TS-A,3,48,46,47,48,NA,TS-A
FI-014,FIT-014,AI,A,JBI-006,PLC-002,CB-FIT-014-A-1,1,1,CB-JBI-006-A-1,1,2,3,NA,TS-A,3,51,49,50,51,NA,TS-A
FI-015,FIT-015,AI,A,JBI-006,PLC-002,CB-FIT-015-A-1,1,2,CB-JBI-006-A-1,4,5,6,NA,TS-A,3,54,52,53,54,NA,TS-A
PI-032,PIT-032,AI,A,JBI-006,PLC-002,CB-PIT-032-A-1,1,3,CB-JBI-006-A-1,7,8,9,NA,TS-A,3,57,55,56,57,NA,TS-A
PI-033,PIT-033,AI,A,JBI-006,PLC-002,CB-PIT-033-A-1,1,4,CB-JBI-006-A-1,10,11,12,NA,TS-A,3,60,58,59,60,NA,TS-A
PI-034,PIT-034,AI,A,JBI-006,PLC-002,CB-PIT-034-A-1,1,5,CB-JBI-006-A-1,13,14,15,NA,TS-A,3,63,61,62,63,NA,TS-A
PI-035,PIT-035,AI,A,JBI-006,PLC-002,CB-PIT-035-A-1,1,6,CB-JBI-006-A-1,16,17,18,NA,TS-A,3,66,64,65,66,NA,TS-A
RESERVA,NA,NA,A,JBI-006,PLC-002,NA,NA,7,CB-JBI-006-A-1,19,20,21,NA,TS-A,3,69,67,68,69,NA,TS-A
RESERVA,NA,NA,A,JBI-006,PLC-002,NA,NA,8,CB-JBI-006-A-1,22,23,24,NA,TS-A,3,72,70,71,72,NA,TS-A
AI-001,AIT-001,AI,A,JBI-007,PLC-002,CB-AIT-001-A-1,1,1,CB-JBI-007-A-1,1,2,3,NA,TS-A,3,75,73,74,75,NA,TS-A
AI-002,AIT-002,AI,A,JBI-007,PLC-002,CB-AIT-002-A-1,1,2,CB-JBI-007-A-1,4,5,6,NA,TS-A,3,78,76,77,78,NA,TS-A
AI-003,AIT-003,AI,A,JBI-007,PLC-002,CB-AIT-003-A-1,1,3,CB-JBI-007-A-1,7,8,9,NA,TS-A,3,81,79,80,81,NA,TS-A
AI-004,AIT-004,AI,A,JBI-007,PLC-002,CB-AIT-004-A-1,1,4,CB-JBI-007-A-1,10,11,12,NA,TS-A,3,84,82,83,84,NA,TS-A
LI-009,LIT-009,AI,A,JBI-007,PLC-002,CB-LIT-009-A-1,1,5,CB-JBI-007-A-1,13,14,15,NA,TS-A,3,87,85,86,87,NA,TS-A
LI-010,LIT-010,AI,A,JBI-007,PLC-002,CB-LIT-010-A-1,1,6,CB-JBI-007-A-1,16,17,18,NA,TS-A,3,90,88,89,90,NA,TS-A
PI-036,PIT-036,AI,A,JBI-007,PLC-002,CB-PIT-036-A-1,1,7,CB-JBI-007-A-1,19,20,21,NA,TS-A,3,93,91,92,93,NA,TS-A
PI-037,PIT-037,AI,A,JBI-007,PLC-002,CB-PIT-037-A-1,1,8,CB-JBI-007-A-1,22,23,24,NA,TS-A,3,96,94,95,96,NA,TS-A
PI-038,PIT-038,AI,A,JBI-007,PLC-002,CB-PIT-038-A-1,1,9,CB-JBI-007-A-1,25,26,27,NA,TS-A,3,99,97,98,99,NA,TS-A
RESERVA,NA,NA,A,JBI-007,PLC-002,NA,NA,10,CB-JBI-007-A-1,28,29,30,NA,TS-A,3,102,100,101,102,NA,TS-A
RESERVA,NA,NA,A,JBI-007,PLC-002,NA,NA,11,CB-JBI-007-A-1,31,32,33,NA,TS-A,3,105,103,104,105,NA,TS-A
RESERVA,NA,NA,A,JBI-007,PLC-002,NA,NA,12,CB-JBI-007-A-1,34,35,36,NA,TS-A,3,108,106,107,108,NA,TS-A
XS-BOM016,VFD-016,AO,A,GAB-002,PLC-002,CB-VFD-016-A-1,1,1,CB-VFD-016-A-1,NA,NA,NA,NA,NA,3,111,109,110,111,NA,TS-A
XS-BOM017,VFD-017,AO,A,GAB-002,PLC-002,CB-VFD-017-A-1,1,1,CB-VFD-017-A-1,NA,NA,NA,NA,NA,3,114,112,113,114,NA,TS-A
XS-BOM018,VFD-018,AO,A,GAB-002,PLC-002,CB-VFD-018-A-1,1,1,CB-VFD-018-A-1,NA,NA,NA,NA,NA,3,117,115,116,117,NA,TS-A
XS-BOM019,VFD-019,AO,A,GAB-002,PLC-002,CB-VFD-019-A-1,1,1,CB-VFD-019-A-1,NA,NA,NA,NA,NA,3,120,118,119,120,NA,TS-A
XS-BOM020,VFD-020,AO,A,GAB-002,PLC-002,CB-VFD-020-A-1,1,1,CB-VFD-020-A-1,NA,NA,NA,NA,NA,3,123,121,122,123,NA,TS-A
XS-BOM021,VFD-021,AO,A,GAB-002,PLC-002,CB-VFD-021-A-1,1,1,CB-VFD-021-A-1,NA,NA,NA,NA,NA,3,126,124,125,126,NA,TS-A
XS-BOM022,VFD-022,AO,A,GAB-002,PLC-002,CB-VFD-022-A-1,1,1,CB-VFD-022-A-1,NA,NA,NA,NA,NA,3,129,127,128,129,NA,TS-A
XS-BOM023,VFD-023,AO,A,GAB-002,PLC-002,CB-VFD-023-A-1,1,1,CB-VFD-023-A-1,NA,NA,NA,NA,NA,3,132,130,131,132,NA,TS-A
XS-BOM024,VFD-024,AO,A,GAB-002,PLC-002,CB-VFD-024-A-1,1,1,CB-VFD-024-A-1,NA,NA,NA,NA,NA,3,135,133,134,135,NA,TS-A
XS-BOM025,VFD-025,AO,A,GAB-002,PLC-002,CB-VFD-025-A-1,1,1,CB-VFD-025-A-1,NA,NA,NA,NA,NA,3,138,136,137,138,NA,TS-A
XS-BOM026,VFD-026,AO,A,GAB-002,PLC-002,CB-VFD-026-A-1,1,1,CB-VFD-026-A-1,NA,NA,NA,NA,NA,3,141,139,140,141,NA,TS-A
XS-BOM027,VFD-027,AO,A,GAB-002,PLC-002,CB-VFD-027-A-1,1,1,CB-VFD-027-A-1,NA,NA,NA,NA,NA,3,144,142,143,144,NA,TS-A
XS-BOM028,VFD-028,AO,A,GAB-002,PLC-002,CB-VFD-028-A-1,1,1,CB-VFD-028-A-1,NA,NA,NA,NA,NA,3,147,145,146,147,NA,TS-A
XS-BOM029,VFD-029,AO,A,GAB-002,PLC-002,CB-VFD-029-A-1,1,1,CB-VFD-029-A-1,NA,NA,NA,NA,NA,3,150,148,149,150,NA,TS-A
XS-BOM030,VFD-030,AO,A,GAB-002,PLC-002,CB-VFD-030-A-1,1,1,CB-VFD-030-A-1,NA,NA,NA,NA,NA,3,153,151,152,153,NA,TS-A
ESD-SEDS001,BOT-SEDS001,DI,D,JBI-005,PLC-002,CB-BOT-SEDS001-D-1,1,1,CB-JBI-005-D-1,1,2,NA,NA,TS-D,2,2,1,2,NA,NA,TS-D
XLR-SEDS001,BOT-SEDS001,DI,D,JBI-005,PLC-002,CB-BOT-SEDS001-D-1,2,2,CB-JBI-005-D-1,3,4,NA,NA,TS-D,2,4,3,4,NA,NA,TS-D
ESD-SEDS002,BOT-SEDS002,DI,D,JBI-005,PLC-002,CB-BOT-SEDS002-D-1,1,3,CB-JBI-005-D-1,5,6,NA,NA,TS-D,2,6,5,6,NA,NA,TS-D
XLR-SEDS002,BOT-SEDS002,DI,D,JBI-005,PLC-002,CB-BOT-SEDS002-D-1,2,4,CB-JBI-005-D-1,7,8,NA,NA,TS-D,2,8,7,8,NA,NA,TS-D
ESD-SEDS003,BOT-SEDS003,DI,D,JBI-005,PLC-002,CB-BOT-SEDS003-D-1,1,5,CB-JBI-005-D-1,9,10,NA,NA,TS-D,2,10,9,10,NA,NA,TS-D
XLR-SEDS003,BOT-SEDS003,DI,D,JBI-005,PLC-002,CB-BOT-SEDS003-D-1,2,6,CB-JBI-005-D-1,11,12,NA,NA,TS-D,2,12,11,12,NA,NA,TS-D
LAH-008,LIT-008,DI,D,JBI-005,PLC-002,CB-LIT-008-D-1,1,7,CB-JBI-005-D-1,13,14,NA,NA,TS-D,2,14,13,14,NA,NA,TS-D
LAL-008,LIT-008,DI,D,JBI-005,PLC-002,CB-LIT-008-D-1,2,8,CB-JBI-005-D-1,15,16,NA,NA,TS-D,2,16,15,16,NA,NA,TS-D
LAHH-002,LS-002,DI,D,JBI-005,PLC-002,CB-LS-002-D-1,1,9,CB-JBI-005-D-1,17,18,NA,NA,TS-D,2,18,17,18,NA,NA,TS-D
XV-305,SV-305,DO,D,JBI-005,PLC-002,CB-SV-305-D-1,1,10,CB-JBI-005-D-1,19,20,NA,NA,TS-D,2,20,19,20,NA,NA,TS-D
RESERVA,NA,NA,D,JBI-005,PLC-002,NA,NA,11,CB-JBI-005-D-1,21,22,NA,NA,TS-D,2,22,21,22,NA,NA,TS-D
RESERVA,NA,NA,D,JBI-005,PLC-002,NA,NA,12,CB-JBI-005-D-1,23,24,NA,NA,TS-D,2,24,23,24,NA,NA,TS-D
XC-FCV009,FCV-009,DO,D,JBI-006,PLC-002,CB-FCV-009-D-1,1,1,CB-JBI-006-D-1,1,2,NA,NA,TS-D,2,26,25,26,NA,NA,TS-D
XLR-FCV009,FCV-009,DI,D,JBI-006,PLC-002,CB-FCV-009-D-1,2,2,CB-JBI-006-D-1,3,4,NA,NA,TS-D,2,28,27,28,NA,NA,TS-D
XO-FCV009,FCV-009,DO,D,JBI-006,PLC-002,CB-FCV-009-D-1,3,3,CB-JBI-006-D-1,5,6,NA,NA,TS-D,2,30,29,30,NA,NA,TS-D
ZIC-FCV009,FCV-009,DI,D,JBI-006,PLC-002,CB-FCV-009-D-1,4,4,CB-JBI-006-D-1,7,8,NA,NA,TS-D,2,32,31,32,NA,NA,TS-D
ZIO-FCV009,FCV-009,DI,D,JBI-006,PLC-002,CB-FCV-009-D-1,5,5,CB-JBI-006-D-1,9,10,NA,NA,TS-D,2,34,33,34,NA,NA,TS-D
RESERVA,FCV-009,NA,D,JBI-006,PLC-002,CB-FCV-009-D-1,6,6,CB-JBI-006-D-1,11,12,NA,NA,TS-D,2,36,35,36,NA,NA,TS-D
RESERVA,FCV-009,NA,D,JBI-006,PLC-002,CB-FCV-009-D-1,7,7,CB-JBI-006-D-1,13,14,NA,NA,TS-D,2,38,37,38,NA,NA,TS-D
RESERVA,FCV-009,NA,D,JBI-006,PLC-002,CB-FCV-009-D-1,8,8,CB-JBI-006-D-1,15,16,NA,NA,TS-D,2,40,39,40,NA,NA,TS-D
XC-FCV010,FCV-010,DO,D,JBI-006,PLC-002,CB-FCV-010-D-1,1,9,CB-JBI-006-D-1,17,18,NA,NA,TS-D,2,42,41,42,NA,NA,TS-D
XLR-FCV010,FCV-010,DI,D,JBI-006,PLC-002,CB-FCV-010-D-1,2,10,CB-JBI-006-D-1,19,20,NA,NA,TS-D,2,44,43,44,NA,NA,TS-D
XO-FCV010,FCV-010,DO,D,JBI-006,PLC-002,CB-FCV-010-D-1,3,11,CB-JBI-006-D-1,21,22,NA,NA,TS-D,2,46,45,46,NA,NA,TS-D
ZIC-FCV010,FCV-010,DI,D,JBI-006,PLC-002,CB-FCV-010-D-1,4,12,CB-JBI-006-D-1,23,24,NA,NA,TS-D,2,48,47,48,NA,NA,TS-D
ZIO-FCV010,FCV-010,DI,D,JBI-006,PLC-002,CB-FCV-010-D-1,5,13,CB-JBI-006-D-1,25,26,NA,NA,TS-D,2,50,49,50,NA,NA,TS-D
RESERVA,FCV-010,NA,D,JBI-006,PLC-002,CB-FCV-010-D-1,6,14,CB-JBI-006-D-1,27,28,NA,NA,TS-D,2,52,51,52,NA,NA,TS-D
RESERVA,FCV-010,NA,D,JBI-006,PLC-002,CB-FCV-010-D-1,7,15,CB-JBI-006-D-1,29,30,NA,NA,TS-D,2,54,53,54,NA,NA,TS-D
RESERVA,FCV-010,NA,D,JBI-006,PLC-002,CB-FCV-010-D-1,8,16,CB-JBI-006-D-1,31,32,NA,NA,TS-D,2,56,55,56,NA,NA,TS-D
XC-FCV011,FCV-011,DO,D,JBI-006,PLC-002,CB-FCV-011-D-1,1,17,CB-JBI-006-D-1,33,34,NA,NA,TS-D,2,58,57,58,NA,NA,TS-D
XLR-FCV011,FCV-011,DI,D,JBI-006,PLC-002,CB-FCV-011-D-1,2,18,CB-JBI-006-D-1,35,36,NA,NA,TS-D,2,60,59,60,NA,NA,TS-D
XO-FCV011,FCV-011,DO,D,JBI-006,PLC-002,CB-FCV-011-D-1,3,19,CB-JBI-006-D-1,37,38,NA,NA,TS-D,2,62,61,62,NA,NA,TS-D
ZIC-FCV011,FCV-011,DI,D,JBI-006,PLC-002,CB-FCV-011-D-1,4,20,CB-JBI-006-D-1,39,40,NA,NA,TS-D,2,64,63,64,NA,NA,TS-D
ZIO-FCV011,FCV-011,DI,D,JBI-006,PLC-002,CB-FCV-011-D-1,5,21,CB-JBI-006-D-1,41,42,NA,NA,TS-D,2,66,65,66,NA,NA,TS-D
RESERVA,FCV-011,NA,D,JBI-006,PLC-002,CB-FCV-011-D-1,6,22,CB-JBI-006-D-1,43,44,NA,NA,TS-D,2,68,67,68,NA,NA,TS-D
RESERVA,FCV-011,NA,D,JBI-006,PLC-002,CB-FCV-011-D-1,7,23,CB-JBI-006-D-1,45,46,NA,NA,TS-D,2,70,69,70,NA,NA,TS-D
RESERVA,FCV-011,NA,D,JBI-006,PLC-002,CB-FCV-011-D-1,8,24,CB-JBI-006-D-1,47,48,NA,NA,TS-D,2,72,71,72,NA,NA,TS-D
XC-FCV022,FCV-022,DO,D,JBI-006,PLC-002,CB-FCV-022-D-1,1,1,CB-JBI-006-D-2,49,50,NA,NA,TS-D,2,74,73,74,NA,NA,TS-D
XLR-FCV022,FCV-022,DI,D,JBI-006,PLC-002,CB-FCV-022-D-1,2,2,CB-JBI-006-D-2,51,52,NA,NA,TS-D,2,76,75,76,NA,NA,TS-D
XO-FCV022,FCV-022,DO,D,JBI-006,PLC-002,CB-FCV-022-D-1,3,3,CB-JBI-006-D-2,53,54,NA,NA,TS-D,2,78,77,78,NA,NA,TS-D
ZIC-FCV022,FCV-022,DI,D,JBI-006,PLC-002,CB-FCV-022-D-1,4,4,CB-JBI-006-D-2,55,56,NA,NA,TS-D,2,80,79,80,NA,NA,TS-D
ZIO-FCV022,FCV-022,DI,D,JBI-006,PLC-002,CB-FCV-022-D-1,5,5,CB-JBI-006-D-2,57,58,NA,NA,TS-D,2,82,81,82,NA,NA,TS-D
RESERVA,FCV-022,NA,D,JBI-006,PLC-002,CB-FCV-022-D-1,6,6,CB-JBI-006-D-2,59,60,NA,NA,TS-D,2,84,83,84,NA,NA,TS-D
RESERVA,FCV-022,NA,D,JBI-006,PLC-002,CB-FCV-022-D-1,7,7,CB-JBI-006-D-2,61,62,NA,NA,TS-D,2,86,85,86,NA,NA,TS-D
RESERVA,FCV-022,NA,D,JBI-006,PLC-002,CB-FCV-022-D-1,8,8,CB-JBI-006-D-2,63,64,NA,NA,TS-D,2,88,87,88,NA,NA,TS-D
XC-FCV025,FCV-025,DO,D,JBI-006,PLC-002,CB-FCV-025-D-1,1,9,CB-JBI-006-D-2,65,66,NA,NA,TS-D,2,90,89,90,NA,NA,TS-D
XLR-FCV025,FCV-025,DI,D,JBI-006,PLC-002,CB-FCV-025-D-1,2,10,CB-JBI-006-D-2,67,68,NA,NA,TS-D,2,92,91,92,NA,NA,TS-D
XO-FCV025,FCV-025,DO,D,JBI-006,PLC-002,CB-FCV-025-D-1,3,11,CB-JBI-006-D-2,69,70,NA,NA,TS-D,2,94,93,94,NA,NA,TS-D
ZIC-FCV025,FCV-025,DI,D,JBI-006,PLC-002,CB-FCV-025-D-1,4,12,CB-JBI-006-D-2,71,72,NA,NA,TS-D,2,96,95,96,NA,NA,TS-D
ZIO-FCV025,FCV-025,DI,D,JBI-006,PLC-002,CB-FCV-025-D-1,5,13,CB-JBI-006-D-2,73,74,NA,NA,TS-D,2,98,97,98,NA,NA,TS-D
RESERVA,FCV-025,NA,D,JBI-006,PLC-002,CB-FCV-025-D-1,6,14,CB-JBI-006-D-2,75,76,NA,NA,TS-D,2,100,99,100,NA,NA,TS-D
RESERVA,FCV-025,NA,D,JBI-006,PLC-002,CB-FCV-025-D-1,7,15,CB-JBI-006-D-2,77,78,NA,NA,TS-D,2,102,101,102,NA,NA,TS-D
RESERVA,FCV-025,NA,D,JBI-006,PLC-002,CB-FCV-025-D-1,8,16,CB-JBI-006-D-2,79,80,NA,NA,TS-D,2,104,103,104,NA,NA,TS-D
LAH-004,LS-004,DI,D,JBI-006,PLC-002,CB-LS-004-D-1,1,17,CB-JBI-006-D-2,81,82,NA,NA,TS-D,2,106,105,106,NA,NA,TS-D
LAL-004,LS-004,DI,D,JBI-006,PLC-002,CB-LS-004-D-1,2,18,CB-JBI-006-D-2,83,84,NA,NA,TS-D,2,108,107,108,NA,NA,TS-D
LALL-004,LS-004,DI,D,JBI-006,PLC-002,CB-LS-004-D-1,3,19,CB-JBI-006-D-2,85,86,NA,NA,TS-D,2,110,109,110,NA,NA,TS-D
RESERVA,LS-004,NA,D,JBI-006,PLC-002,CB-LS-004-D-1,4,20,CB-JBI-006-D-2,87,88,NA,NA,TS-D,2,112,111,112,NA,NA,TS-D
LAH-005,LS-005,DI,D,JBI-006,PLC-002,CB-LS-005-D-1,1,21,CB-JBI-006-D-2,89,90,NA,NA,TS-D,2,114,113,114,NA,NA,TS-D
LAL-005,LS-005,DI,D,JBI-006,PLC-002,CB-LS-005-D-1,2,22,CB-JBI-006-D-2,91,92,NA,NA,TS-D,2,116,115,116,NA,NA,TS-D
LALL-005,LS-005,DI,D,JBI-006,PLC-002,CB-LS-005-D-1,3,23,CB-JBI-006-D-2,93,94,NA,NA,TS-D,2,118,117,118,NA,NA,TS-D
RESERVA,LS-005,NA,D,JBI-006,PLC-002,CB-LS-005-D-1,4,24,CB-JBI-006-D-2,95,96,NA,NA,TS-D,2,120,119,120,NA,NA,TS-D
XV-003,SV-003,DO,D,JBI-006,PLC-002,CB-SV-003-D-1,1,1,CB-JBI-006-D-3,97,98,NA,NA,TS-D,2,122,121,122,NA,NA,TS-D
XV-005,SV-005,DO,D,JBI-006,PLC-002,CB-SV-005-D-1,1,2,CB-JBI-006-D-3,99,100,NA,NA,TS-D,2,124,123,124,NA,NA,TS-D
XV-007,SV-007,DO,D,JBI-006,PLC-002,CB-SV-007-D-1,1,3,CB-JBI-006-D-3,101,102,NA,NA,TS-D,2,126,125,126,NA,NA,TS-D
RESERVA,NA,NA,D,JBI-006,PLC-002,NA,NA,4,CB-JBI-006-D-3,103,104,NA,NA,TS-D,2,128,127,128,NA,NA,TS-D
RESERVA,NA,NA,D,JBI-006,PLC-002,NA,NA,5,CB-JBI-006-D-3,105,106,NA,NA,TS-D,2,130,129,130,NA,NA,TS-D
RESERVA,NA,NA,D,JBI-006,PLC-002,NA,NA,6,CB-JBI-006-D-3,107,108,NA,NA,TS-D,2,132,131,132,NA,NA,TS-D
RESERVA,NA,NA,D,JBI-006,PLC-002,NA,NA,7,CB-JBI-006-D-3,109,110,NA,NA,TS-D,2,134,133,134,NA,NA,TS-D
RESERVA,NA,NA,D,JBI-006,PLC-002,NA,NA,8,CB-JBI-006-D-3,111,112,NA,NA,TS-D,2,136,135,136,NA,NA,TS-D
RESERVA,NA,NA,D,JBI-006,PLC-002,NA,NA,9,CB-JBI-006-D-3,113,114,NA,NA,TS-D,2,138,137,138,NA,NA,TS-D
RESERVA,NA,NA,D,JBI-006,PLC-002,NA,NA,10,CB-JBI-006-D-3,115,116,NA,NA,TS-D,2,140,139,140,NA,NA,TS-D
RESERVA,NA,NA,D,JBI-006,PLC-002,NA,NA,11,CB-JBI-006-D-3,117,118,NA,NA,TS-D,2,142,141,142,NA,NA,TS-D
RESERVA,NA,NA,D,JBI-006,PLC-002,NA,NA,12,CB-JBI-006-D-3,119,120,NA,NA,TS-D,2,144,143,144,NA,NA,TS-D
XC-FCV012,FCV-012,DO,D,JBI-007,PLC-002,CB-FCV-012-D-1,1,1,CB-JBI-007-D-1,1,2,NA,NA,TS-D,2,146,145,146,NA,NA,TS-D
XLR-FCV012,FCV-012,DI,D,JBI-007,PLC-002,CB-FCV-012-D-1,2,2,CB-JBI-007-D-1,3,4,NA,NA,TS-D,2,148,147,148,NA,NA,TS-D
XO-FCV012,FCV-012,DO,D,JBI-007,PLC-002,CB-FCV-012-D-1,3,3,CB-JBI-007-D-1,5,6,NA,NA,TS-D,2,150,149,150,NA,NA,TS-D
ZIC-FCV012,FCV-012,DI,D,JBI-007,PLC-002,CB-FCV-012-D-1,4,4,CB-JBI-007-D-1,7,8,NA,NA,TS-D,2,152,151,152,NA,NA,TS-D
ZIO-FCV012,FCV-012,DI,D,JBI-007,PLC-002,CB-FCV-012-D-1,5,5,CB-JBI-007-D-1,9,10,NA,NA,TS-D,2,154,153,154,NA,NA,TS-D
RESERVA,FCV-012,NA,D,JBI-007,PLC-002,CB-FCV-012-D-1,6,6,CB-JBI-007-D-1,11,12,NA,NA,TS-D,2,156,155,156,NA,NA,TS-D
RESERVA,FCV-012,NA,D,JBI-007,PLC-002,CB-FCV-012-D-1,7,7,CB-JBI-007-D-1,13,14,NA,NA,TS-D,2,158,157,158,NA,NA,TS-D
RESERVA,FCV-012,NA,D,JBI-007,PLC-002,CB-FCV-012-D-1,8,8,CB-JBI-007-D-1,15,16,NA,NA,TS-D,2,160,159,160,NA,NA,TS-D
XC-FCV013,FCV-013,DO,D,JBI-007,PLC-002,CB-FCV-013-D-1,1,9,CB-JBI-007-D-1,17,18,NA,NA,TS-D,2,162,161,162,NA,NA,TS-D
XLR-FCV013,FCV-013,DI,D,JBI-007,PLC-002,CB-FCV-013-D-1,2,10,CB-JBI-007-D-1,19,20,NA,NA,TS-D,2,164,163,164,NA,NA,TS-D
XO-FCV013,FCV-013,DO,D,JBI-007,PLC-002,CB-FCV-013-D-1,3,11,CB-JBI-007-D-1,21,22,NA,NA,TS-D,2,166,165,166,NA,NA,TS-D
ZIC-FCV013,FCV-013,DI,D,JBI-007,PLC-002,CB-FCV-013-D-1,4,12,CB-JBI-007-D-1,23,24,NA,NA,TS-D,2,168,167,168,NA,NA,TS-D
ZIO-FCV013,FCV-013,DI,D,JBI-007,PLC-002,CB-FCV-013-D-1,5,13,CB-JBI-007-D-1,25,26,NA,NA,TS-D,2,170,169,170,NA,NA,TS-D
RESERVA,FCV-013,NA,D,JBI-007,PLC-002,CB-FCV-013-D-1,6,14,CB-JBI-007-D-1,27,28,NA,NA,TS-D,2,172,171,172,NA,NA,TS-D
RESERVA,FCV-013,NA,D,JBI-007,PLC-002,CB-FCV-013-D-1,7,15,CB-JBI-007-D-1,29,30,NA,NA,TS-D,2,174,173,174,NA,NA,TS-D
RESERVA,FCV-013,NA,D,JBI-007,PLC-002,CB-FCV-013-D-1,8,16,CB-JBI-007-D-1,31,32,NA,NA,TS-D,2,176,175,176,NA,NA,TS-D
XC-FCV014,FCV-014,DO,D,JBI-007,PLC-002,CB-FCV-014-D-1,1,17,CB-JBI-007-D-1,33,34,NA,NA,TS-D,2,178,177,178,NA,NA,TS-D
XLR-FCV014,FCV-014,DI,D,JBI-007,PLC-002,CB-FCV-014-D-1,2,18,CB-JBI-007-D-1,35,36,NA,NA,TS-D,2,180,179,180,NA,NA,TS-D
XO-FCV014,FCV-014,DO,D,JBI-007,PLC-002,CB-FCV-014-D-1,3,19,CB-JBI-007-D-1,37,38,NA,NA,TS-D,2,182,181,182,NA,NA,TS-D
ZIC-FCV014,FCV-014,DI,D,JBI-007,PLC-002,CB-FCV-014-D-1,4,20,CB-JBI-007-D-1,39,40,NA,NA,TS-D,2,184,183,184,NA,NA,TS-D
ZIO-FCV014,FCV-014,DI,D,JBI-007,PLC-002,CB-FCV-014-D-1,5,21,CB-JBI-007-D-1,41,42,NA,NA,TS-D,2,186,185,186,NA,NA,TS-D
RESERVA,FCV-014,NA,D,JBI-007,PLC-002,CB-FCV-014-D-1,6,22,CB-JBI-007-D-1,43,44,NA,NA,TS-D,2,188,187,188,NA,NA,TS-D
RESERVA,FCV-014,NA,D,JBI-007,PLC-002,CB-FCV-014-D-1,7,23,CB-JBI-007-D-1,45,46,NA,NA,TS-D,2,190,189,190,NA,NA,TS-D
RESERVA,FCV-014,NA,D,JBI-007,PLC-002,CB-FCV-014-D-1,8,24,CB-JBI-007-D-1,47,48,NA,NA,TS-D,2,192,191,192,NA,NA,TS-D
XC-FCV015,FCV-015,DO,D,JBI-007,PLC-002,CB-FCV-015-D-1,1,1,CB-JBI-007-D-2,49,50,NA,NA,TS-D,2,194,193,194,NA,NA,TS-D
XLR-FCV015,FCV-015,DI,D,JBI-007,PLC-002,CB-FCV-015-D-1,2,2,CB-JBI-007-D-2,51,52,NA,NA,TS-D,2,196,195,196,NA,NA,TS-D
XO-FCV015,FCV-015,DO,D,JBI-007,PLC-002,CB-FCV-015-D-1,3,3,CB-JBI-007-D-2,53,54,NA,NA,TS-D,2,198,197,198,NA,NA,TS-D
ZIC-FCV015,FCV-015,DI,D,JBI-007,PLC-002,CB-FCV-015-D-1,4,4,CB-JBI-007-D-2,55,56,NA,NA,TS-D,2,200,199,200,NA,NA,TS-D
ZIO-FCV015,FCV-015,DI,D,JBI-007,PLC-002,CB-FCV-015-D-1,5,5,CB-JBI-007-D-2,57,58,NA,NA,TS-D,2,202,201,202,NA,NA,TS-D
RESERVA,FCV-015,NA,D,JBI-007,PLC-002,CB-FCV-015-D-1,6,6,CB-JBI-007-D-2,59,60,NA,NA,TS-D,2,204,203,204,NA,NA,TS-D
RESERVA,FCV-015,NA,D,JBI-007,PLC-002,CB-FCV-015-D-1,7,7,CB-JBI-007-D-2,61,62,NA,NA,TS-D,2,206,205,206,NA,NA,TS-D
RESERVA,FCV-015,NA,D,JBI-007,PLC-002,CB-FCV-015-D-1,8,8,CB-JBI-007-D-2,63,64,NA,NA,TS-D,2,208,207,208,NA,NA,TS-D
XC-FCV016,FCV-016,DO,D,JBI-007,PLC-002,CB-FCV-016-D-1,1,9,CB-JBI-007-D-2,65,66,NA,NA,TS-D,2,210,209,210,NA,NA,TS-D
XLR-FCV016,FCV-016,DI,D,JBI-007,PLC-002,CB-FCV-016-D-1,2,10,CB-JBI-007-D-2,67,68,NA,NA,TS-D,2,212,211,212,NA,NA,TS-D
XO-FCV016,FCV-016,DO,D,JBI-007,PLC-002,CB-FCV-016-D-1,3,11,CB-JBI-007-D-2,69,70,NA,NA,TS-D,2,214,213,214,NA,NA,TS-D
ZIC-FCV016,FCV-016,DI,D,JBI-007,PLC-002,CB-FCV-016-D-1,4,12,CB-JBI-007-D-2,71,72,NA,NA,TS-D,2,216,215,216,NA,NA,TS-D
ZIO-FCV016,FCV-016,DI,D,JBI-007,PLC-002,CB-FCV-016-D-1,5,13,CB-JBI-007-D-2,73,74,NA,NA,TS-D,2,218,217,218,NA,NA,TS-D
RESERVA,FCV-016,NA,D,JBI-007,PLC-002,CB-FCV-016-D-1,6,14,CB-JBI-007-D-2,75,76,NA,NA,TS-D,2,220,219,220,NA,NA,TS-D
RESERVA,FCV-016,NA,D,JBI-007,PLC-002,CB-FCV-016-D-1,7,15,CB-JBI-007-D-2,77,78,NA,NA,TS-D,2,222,221,222,NA,NA,TS-D
RESERVA,FCV-016,NA,D,JBI-007,PLC-002,CB-FCV-016-D-1,8,16,CB-JBI-007-D-2,79,80,NA,NA,TS-D,2,224,223,224,NA,NA,TS-D
XC-FCV017,FCV-017,DO,D,JBI-007,PLC-002,CB-FCV-017-D-1,1,17,CB-JBI-007-D-2,81,82,NA,NA,TS-D,2,226,225,226,NA,NA,TS-D
XLR-FCV017,FCV-017,DI,D,JBI-007,PLC-002,CB-FCV-017-D-1,2,18,CB-JBI-007-D-2,83,84,NA,NA,TS-D,2,228,227,228,NA,NA,TS-D
XO-FCV017,FCV-017,DO,D,JBI-007,PLC-002,CB-FCV-017-D-1,3,19,CB-JBI-007-D-2,85,86,NA,NA,TS-D,2,230,229,230,NA,NA,TS-D
ZIC-FCV017,FCV-017,DI,D,JBI-007,PLC-002,CB-FCV-017-D-1,4,20,CB-JBI-007-D-2,87,88,NA,NA,TS-D,2,232,231,232,NA,NA,TS-D
ZIO-FCV017,FCV-017,DI,D,JBI-007,PLC-002,CB-FCV-017-D-1,5,21,CB-JBI-007-D-2,89,90,NA,NA,TS-D,2,234,233,234,NA,NA,TS-D
RESERVA,FCV-017,NA,D,JBI-007,PLC-002,CB-FCV-017-D-1,6,22,CB-JBI-007-D-2,91,92,NA,NA,TS-D,2,236,235,236,NA,NA,TS-D
RESERVA,FCV-017,NA,D,JBI-007,PLC-002,CB-FCV-017-D-1,7,23,CB-JBI-007-D-2,93,94,NA,NA,TS-D,2,238,237,238,NA,NA,TS-D
RESERVA,FCV-017,NA,D,JBI-007,PLC-002,CB-FCV-017-D-1,8,24,CB-JBI-007-D-2,95,96,NA,NA,TS-D,2,240,239,240,NA,NA,TS-D
RESERVA,NA,NA,D,JBI-007,PLC-002,NA,NA,1,CB-JBI-007-D-3,97,98,NA,NA,TS-D,2,242,241,242,NA,NA,TS-D
RESERVA,NA,NA,D,JBI-007,PLC-002,NA,NA,2,CB-JBI-007-D-3,99,100,NA,NA,TS-D,2,244,243,244,NA,NA,TS-D
RESERVA,NA,NA,D,JBI-007,PLC-002,NA,NA,3,CB-JBI-007-D-3,101,102,NA,NA,TS-D,2,246,245,246,NA,NA,TS-D
RESERVA,NA,NA,D,JBI-007,PLC-002,NA,NA,4,CB-JBI-007-D-3,103,104,NA,NA,TS-D,2,248,247,248,NA,NA,TS-D
RESERVA,NA,NA,D,JBI-007,PLC-002,NA,NA,5,CB-JBI-007-D-3,105,106,NA,NA,TS-D,2,250,249,250,NA,NA,TS-D
RESERVA,NA,NA,D,JBI-007,PLC-002,NA,NA,6,CB-JBI-007-D-3,107,108,NA,NA,TS-D,2,252,251,252,NA,NA,TS-D
RESERVA,NA,NA,D,JBI-007,PLC-002,NA,NA,7,CB-JBI-007-D-3,109,110,NA,NA,TS-D,2,254,253,254,NA,NA,TS-D
RESERVA,NA,NA,D,JBI-007,PLC-002,NA,NA,8,CB-JBI-007-D-3,111,112,NA,NA,TS-D,2,256,255,256,NA,NA,TS-D
XC-SEDS001,CEL-SEDS001,DO,D,GAB-002,PLC-002,CB-CEL-SEDS001-D-1,1,1,CB-CEL-SEDS001-D-1,NA,NA,NA,NA,NA,2,258,257,258,NA,NA,TS-D
XO-SEDS001,CEL-SEDS001,DO,D,GAB-002,PLC-002,CB-CEL-SEDS001-D-1,2,2,CB-CEL-SEDS001-D-1,NA,NA,NA,NA,NA,2,260,259,260,NA,NA,TS-D
XC-SEDS002,CEL-SEDS002,DO,D,GAB-002,PLC-002,CB-CEL-SEDS002-D-1,1,1,CB-CEL-SEDS002-D-1,NA,NA,NA,NA,NA,2,262,261,262,NA,NA,TS-D
XO-SEDS002,CEL-SEDS002,DO,D,GAB-002,PLC-002,CB-CEL-SEDS002-D-1,2,2,CB-CEL-SEDS002-D-1,NA,NA,NA,NA,NA,2,264,263,264,NA,NA,TS-D
XC-SEDS003,CEL-SEDS003,DO,D,GAB-002,PLC-002,CB-CEL-SEDS003-D-1,1,1,CB-CEL-SEDS003-D-1,NA,NA,NA,NA,NA,2,266,265,266,NA,NA,TS-D
XO-SEDS003,CEL-SEDS003,DO,D,GAB-002,PLC-002,CB-CEL-SEDS003-D-1,2,2,CB-CEL-SEDS003-D-1,NA,NA,NA,NA,NA,2,268,267,268,NA,NA,TS-D
XA-MESP001,PNL-MESP001,DI,D,GAB-002,PLC-002,CB-PNL-MESP001-D-1,1,1,CB-PNL-MESP001-D-1,NA,NA,NA,NA,NA,2,270,269,270,NA,NA,TS-D
XC-MESP001,PNL-MESP001,DO,D,GAB-002,PLC-002,CB-PNL-MESP001-D-1,2,2,CB-PNL-MESP001-D-1,NA,NA,NA,NA,NA,2,272,271,272,NA,NA,TS-D
XI-MESP001,PNL-MESP001,DI,D,GAB-002,PLC-002,CB-PNL-MESP001-D-1,3,3,CB-PNL-MESP001-D-1,NA,NA,NA,NA,NA,2,274,273,274,NA,NA,TS-D
XLR-MESP001,PNL-MESP001,DI,D,GAB-002,PLC-002,CB-PNL-MESP001-D-1,4,4,CB-PNL-MESP001-D-1,NA,NA,NA,NA,NA,2,276,275,276,NA,NA,TS-D
XO-MESP001,PNL-MESP001,DO,D,GAB-002,PLC-002,CB-PNL-MESP001-D-1,5,5,CB-PNL-MESP001-D-1,NA,NA,NA,NA,NA,2,278,277,278,NA,NA,TS-D
RESERVA,PNL-MESP001,NA,D,GAB-002,PLC-002,CB-PNL-MESP001-D-1,6,6,CB-PNL-MESP001-D-1,NA,NA,NA,NA,NA,2,280,279,280,NA,NA,TS-D
RESERVA,PNL-MESP001,NA,D,GAB-002,PLC-002,CB-PNL-MESP001-D-1,7,7,CB-PNL-MESP001-D-1,NA,NA,NA,NA,NA,2,282,281,282,NA,NA,TS-D
RESERVA,PNL-MESP001,NA,D,GAB-002,PLC-002,CB-PNL-MESP001-D-1,8,8,CB-PNL-MESP001-D-1,NA,NA,NA,NA,NA,2,284,283,284,NA,NA,TS-D
XA-MESP002,PNL-MESP002,DI,D,GAB-002,PLC-002,CB-PNL-MESP002-D-1,1,1,CB-PNL-MESP002-D-1,NA,NA,NA,NA,NA,2,286,285,286,NA,NA,TS-D
XC-MESP002,PNL-MESP002,DO,D,GAB-002,PLC-002,CB-PNL-MESP002-D-1,2,2,CB-PNL-MESP002-D-1,NA,NA,NA,NA,NA,2,288,287,288,NA,NA,TS-D
XI-MESP002,PNL-MESP002,DI,D,GAB-002,PLC-002,CB-PNL-MESP002-D-1,3,3,CB-PNL-MESP002-D-1,NA,NA,NA,NA,NA,2,290,289,290,NA,NA,TS-D
XLR-MESP002,PNL-MESP002,DI,D,GAB-002,PLC-002,CB-PNL-MESP002-D-1,4,4,CB-PNL-MESP002-D-1,NA,NA,NA,NA,NA,2,292,291,292,NA,NA,TS-D
XO-MESP002,PNL-MESP002,DO,D,GAB-002,PLC-002,CB-PNL-MESP002-D-1,5,5,CB-PNL-MESP002-D-1,NA,NA,NA,NA,NA,2,294,293,294,NA,NA,TS-D
RESERVA,PNL-MESP002,NA,D,GAB-002,PLC-002,CB-PNL-MESP002-D-1,6,6,CB-PNL-MESP002-D-1,NA,NA,NA,NA,NA,2,296,295,296,NA,NA,TS-D
RESERVA,PNL-MESP002,NA,D,GAB-002,PLC-002,CB-PNL-MESP002-D-1,7,7,CB-PNL-MESP002-D-1,NA,NA,NA,NA,NA,2,298,297,298,NA,NA,TS-D
RESERVA,PNL-MESP002,NA,D,GAB-002,PLC-002,CB-PNL-MESP002-D-1,8,8,CB-PNL-MESP002-D-1,NA,NA,NA,NA,NA,2,300,299,300,NA,NA,TS-D
XA-MESP003,PNL-MESP003,DI,D,GAB-002,PLC-002,CB-PNL-MESP003-D-1,1,1,CB-PNL-MESP003-D-1,NA,NA,NA,NA,NA,2,302,301,302,NA,NA,TS-D
XC-MESP003,PNL-MESP003,DO,D,GAB-002,PLC-002,CB-PNL-MESP003-D-1,2,2,CB-PNL-MESP003-D-1,NA,NA,NA,NA,NA,2,304,303,304,NA,NA,TS-D
XI-MESP003,PNL-MESP003,DI,D,GAB-002,PLC-002,CB-PNL-MESP003-D-1,3,3,CB-PNL-MESP003-D-1,NA,NA,NA,NA,NA,2,306,305,306,NA,NA,TS-D
XLR-MESP003,PNL-MESP003,DI,D,GAB-002,PLC-002,CB-PNL-MESP003-D-1,4,4,CB-PNL-MESP003-D-1,NA,NA,NA,NA,NA,2,308,307,308,NA,NA,TS-D
XO-MESP003,PNL-MESP003,DO,D,GAB-002,PLC-002,CB-PNL-MESP003-D-1,5,5,CB-PNL-MESP003-D-1,NA,NA,NA,NA,NA,2,310,309,310,NA,NA,TS-D
RESERVA,PNL-MESP003,NA,D,GAB-002,PLC-002,CB-PNL-MESP003-D-1,6,6,CB-PNL-MESP003-D-1,NA,NA,NA,NA,NA,2,312,311,312,NA,NA,TS-D
RESERVA,PNL-MESP003,NA,D,GAB-002,PLC-002,CB-PNL-MESP003-D-1,7,7,CB-PNL-MESP003-D-1,NA,NA,NA,NA,NA,2,314,313,314,NA,NA,TS-D
RESERVA,PNL-MESP003,NA,D,GAB-002,PLC-002,CB-PNL-MESP003-D-1,8,8,CB-PNL-MESP003-D-1,NA,NA,NA,NA,NA,2,316,315,316,NA,NA,TS-D
XA-SCAL001,PNL-SCAL001,DI,D,GAB-002,PLC-002,CB-PNL-SCAL001-D-1,1,1,CB-PNL-SCAL001-D-1,NA,NA,NA,NA,NA,2,318,317,318,NA,NA,TS-D
XC-SCAL001,PNL-SCAL001,DO,D,GAB-002,PLC-002,CB-PNL-SCAL001-D-1,2,2,CB-PNL-SCAL001-D-1,NA,NA,NA,NA,NA,2,320,319,320,NA,NA,TS-D
XI-SCAL001,PNL-SCAL001,DI,D,GAB-002,PLC-002,CB-PNL-SCAL001-D-1,3,3,CB-PNL-SCAL001-D-1,NA,NA,NA,NA,NA,2,322,321,322,NA,NA,TS-D
XLR-SCAL001,PNL-SCAL001,DI,D,GAB-002,PLC-002,CB-PNL-SCAL001-D-1,4,4,CB-PNL-SCAL001-D-1,NA,NA,NA,NA,NA,2,324,323,324,NA,NA,TS-D
XO-SCAL001,PNL-SCAL001,DO,D,GAB-002,PLC-002,CB-PNL-SCAL001-D-1,5,5,CB-PNL-SCAL001-D-1,NA,NA,NA,NA,NA,2,326,325,326,NA,NA,TS-D
RESERVA,PNL-SCAL001,NA,D,GAB-002,PLC-002,CB-PNL-SCAL001-D-1,6,6,CB-PNL-SCAL001-D-1,NA,NA,NA,NA,NA,2,328,327,328,NA,NA,TS-D
RESERVA,PNL-SCAL001,NA,D,GAB-002,PLC-002,CB-PNL-SCAL001-D-1,7,7,CB-PNL-SCAL001-D-1,NA,NA,NA,NA,NA,2,330,329,330,NA,NA,TS-D
RESERVA,PNL-SCAL001,NA,D,GAB-002,PLC-002,CB-PNL-SCAL001-D-1,8,8,CB-PNL-SCAL001-D-1,NA,NA,NA,NA,NA,2,332,331,332,NA,NA,TS-D
XA-SCAL002,PNL-SCAL002,DI,D,GAB-002,PLC-002,CB-PNL-SCAL002-D-1,1,1,CB-PNL-SCAL002-D-1,NA,NA,NA,NA,NA,2,334,333,334,NA,NA,TS-D
XC-SCAL002,PNL-SCAL002,DO,D,GAB-002,PLC-002,CB-PNL-SCAL002-D-1,2,2,CB-PNL-SCAL002-D-1,NA,NA,NA,NA,NA,2,336,335,336,NA,NA,TS-D
XI-SCAL002,PNL-SCAL002,DI,D,GAB-002,PLC-002,CB-PNL-SCAL002-D-1,3,3,CB-PNL-SCAL002-D-1,NA,NA,NA,NA,NA,2,338,337,338,NA,NA,TS-D
XLR-SCAL002,PNL-SCAL002,DI,D,GAB-002,PLC-002,CB-PNL-SCAL002-D-1,4,4,CB-PNL-SCAL002-D-1,NA,NA,NA,NA,NA,2,340,339,340,NA,NA,TS-D
XO-SCAL002,PNL-SCAL002,DO,D,GAB-002,PLC-002,CB-PNL-SCAL002-D-1,5,5,CB-PNL-SCAL002-D-1,NA,NA,NA,NA,NA,2,342,341,342,NA,NA,TS-D
RESERVA,PNL-SCAL002,NA,D,GAB-002,PLC-002,CB-PNL-SCAL002-D-1,6,6,CB-PNL-SCAL002-D-1,NA,NA,NA,NA,NA,2,344,343,344,NA,NA,TS-D
RESERVA,PNL-SCAL002,NA,D,GAB-002,PLC-002,CB-PNL-SCAL002-D-1,7,7,CB-PNL-SCAL002-D-1,NA,NA,NA,NA,NA,2,346,345,346,NA,NA,TS-D
RESERVA,PNL-SCAL002,NA,D,GAB-002,PLC-002,CB-PNL-SCAL002-D-1,8,8,CB-PNL-SCAL002-D-1,NA,NA,NA,NA,NA,2,348,347,348,NA,NA,TS-D
XA-BOM016,VFD-016,DI,D,GAB-002,PLC-002,CB-VFD-016-D-1,1,1,CB-VFD-016-D-1,NA,NA,NA,NA,NA,2,350,349,350,NA,NA,TS-D
XC-BOM016,VFD-016,DO,D,GAB-002,PLC-002,CB-VFD-016-D-1,2,2,CB-VFD-016-D-1,NA,NA,NA,NA,NA,2,352,351,352,NA,NA,TS-D
XI-BOM016,VFD-016,DI,D,GAB-002,PLC-002,CB-VFD-016-D-1,3,3,CB-VFD-016-D-1,NA,NA,NA,NA,NA,2,354,353,354,NA,NA,TS-D
XO-BOM016,VFD-016,DO,D,GAB-002,PLC-002,CB-VFD-016-D-1,4,4,CB-VFD-016-D-1,NA,NA,NA,NA,NA,2,356,355,356,NA,NA,TS-D
XA-BOM017,VFD-017,DI,D,GAB-002,PLC-002,CB-VFD-017-D-1,1,1,CB-VFD-017-D-1,NA,NA,NA,NA,NA,2,358,357,358,NA,NA,TS-D
XC-BOM017,VFD-017,DO,D,GAB-002,PLC-002,CB-VFD-017-D-1,2,2,CB-VFD-017-D-1,NA,NA,NA,NA,NA,2,360,359,360,NA,NA,TS-D
XI-BOM017,VFD-017,DI,D,GAB-002,PLC-002,CB-VFD-017-D-1,3,3,CB-VFD-017-D-1,NA,NA,NA,NA,NA,2,362,361,362,NA,NA,TS-D
XO-BOM017,VFD-017,DO,D,GAB-002,PLC-002,CB-VFD-017-D-1,4,4,CB-VFD-017-D-1,NA,NA,NA,NA,NA,2,364,363,364,NA,NA,TS-D
XA-BOM018,VFD-018,DI,D,GAB-002,PLC-002,CB-VFD-018-D-1,1,1,CB-VFD-018-D-1,NA,NA,NA,NA,NA,2,366,365,366,NA,NA,TS-D
XC-BOM018,VFD-018,DO,D,GAB-002,PLC-002,CB-VFD-018-D-1,2,2,CB-VFD-018-D-1,NA,NA,NA,NA,NA,2,368,367,368,NA,NA,TS-D
XI-BOM018,VFD-018,DI,D,GAB-002,PLC-002,CB-VFD-018-D-1,3,3,CB-VFD-018-D-1,NA,NA,NA,NA,NA,2,370,369,370,NA,NA,TS-D
XO-BOM018,VFD-018,DO,D,GAB-002,PLC-002,CB-VFD-018-D-1,4,4,CB-VFD-018-D-1,NA,NA,NA,NA,NA,2,372,371,372,NA,NA,TS-D
XA-BOM019,VFD-019,DI,D,GAB-002,PLC-002,CB-VFD-019-D-1,1,1,CB-VFD-019-D-1,NA,NA,NA,NA,NA,2,374,373,374,NA,NA,TS-D
XC-BOM019,VFD-019,DO,D,GAB-002,PLC-002,CB-VFD-019-D-1,2,2,CB-VFD-019-D-1,NA,NA,NA,NA,NA,2,376,375,376,NA,NA,TS-D
XI-BOM019,VFD-019,DI,D,GAB-002,PLC-002,CB-VFD-019-D-1,3,3,CB-VFD-019-D-1,NA,NA,NA,NA,NA,2,378,377,378,NA,NA,TS-D
XO-BOM019,VFD-019,DO,D,GAB-002,PLC-002,CB-VFD-019-D-1,4,4,CB-VFD-019-D-1,NA,NA,NA,NA,NA,2,380,379,380,NA,NA,TS-D
XA-BOM020,VFD-020,DI,D,GAB-002,PLC-002,CB-VFD-020-D-1,1,1,CB-VFD-020-D-1,NA,NA,NA,NA,NA,2,382,381,382,NA,NA,TS-D
XC-BOM020,VFD-020,DO,D,GAB-002,PLC-002,CB-VFD-020-D-1,2,2,CB-VFD-020-D-1,NA,NA,NA,NA,NA,2,384,383,384,NA,NA,TS-D
XI-BOM020,VFD-020,DI,D,GAB-002,PLC-002,CB-VFD-020-D-1,3,3,CB-VFD-020-D-1,NA,NA,NA,NA,NA,2,386,385,386,NA,NA,TS-D
XO-BOM020,VFD-020,DO,D,GAB-002,PLC-002,CB-VFD-020-D-1,4,4,CB-VFD-020-D-1,NA,NA,NA,NA,NA,2,388,387,388,NA,NA,TS-D
XA-BOM021,VFD-021,DI,D,GAB-002,PLC-002,CB-VFD-021-D-1,1,1,CB-VFD-021-D-1,NA,NA,NA,NA,NA,2,390,389,390,NA,NA,TS-D
XC-BOM021,VFD-021,DO,D,GAB-002,PLC-002,CB-VFD-021-D-1,2,2,CB-VFD-021-D-1,NA,NA,NA,NA,NA,2,392,391,392,NA,NA,TS-D
XI-BOM021,VFD-021,DI,D,GAB-002,PLC-002,CB-VFD-021-D-1,3,3,CB-VFD-021-D-1,NA,NA,NA,NA,NA,2,394,393,394,NA,NA,TS-D
XO-BOM021,VFD-021,DO,D,GAB-002,PLC-002,CB-VFD-021-D-1,4,4,CB-VFD-021-D-1,NA,NA,NA,NA,NA,2,396,395,396,NA,NA,TS-D
XA-BOM022,VFD-022,DI,D,GAB-002,PLC-002,CB-VFD-022-D-1,1,1,CB-VFD-022-D-1,NA,NA,NA,NA,NA,2,398,397,398,NA,NA,TS-D
XC-BOM022,VFD-022,DO,D,GAB-002,PLC-002,CB-VFD-022-D-1,2,2,CB-VFD-022-D-1,NA,NA,NA,NA,NA,2,400,399,400,NA,NA,TS-D
XI-BOM022,VFD-022,DI,D,GAB-002,PLC-002,CB-VFD-022-D-1,3,3,CB-VFD-022-D-1,NA,NA,NA,NA,NA,2,402,401,402,NA,NA,TS-D
XO-BOM022,VFD-022,DO,D,GAB-002,PLC-002,CB-VFD-022-D-1,4,4,CB-VFD-022-D-1,NA,NA,NA,NA,NA,2,404,403,404,NA,NA,TS-D
XA-BOM023,VFD-023,DI,D,GAB-002,PLC-002,CB-VFD-023-D-1,1,1,CB-VFD-023-D-1,NA,NA,NA,NA,NA,2,406,405,406,NA,NA,TS-D
XC-BOM023,VFD-023,DO,D,GAB-002,PLC-002,CB-VFD-023-D-1,2,2,CB-VFD-023-D-1,NA,NA,NA,NA,NA,2,408,407,408,NA,NA,TS-D
XI-BOM023,VFD-023,DI,D,GAB-002,PLC-002,CB-VFD-023-D-1,3,3,CB-VFD-023-D-1,NA,NA,NA,NA,NA,2,410,409,410,NA,NA,TS-D
XO-BOM023,VFD-023,DO,D,GAB-002,PLC-002,CB-VFD-023-D-1,4,4,CB-VFD-023-D-1,NA,NA,NA,NA,NA,2,412,411,412,NA,NA,TS-D
XA-BOM024,VFD-024,DI,D,GAB-002,PLC-002,CB-VFD-024-D-1,1,1,CB-VFD-024-D-1,NA,NA,NA,NA,NA,2,414,413,414,NA,NA,TS-D
XC-BOM024,VFD-024,DO,D,GAB-002,PLC-002,CB-VFD-024-D-1,2,2,CB-VFD-024-D-1,NA,NA,NA,NA,NA,2,416,415,416,NA,NA,TS-D
XI-BOM024,VFD-024,DI,D,GAB-002,PLC-002,CB-VFD-024-D-1,3,3,CB-VFD-024-D-1,NA,NA,NA,NA,NA,2,418,417,418,NA,NA,TS-D
XO-BOM024,VFD-024,DO,D,GAB-002,PLC-002,CB-VFD-024-D-1,4,4,CB-VFD-024-D-1,NA,NA,NA,NA,NA,2,420,419,420,NA,NA,TS-D
XA-BOM025,VFD-025,DI,D,GAB-002,PLC-002,CB-VFD-025-D-1,1,1,CB-VFD-025-D-1,NA,NA,NA,NA,NA,2,422,421,422,NA,NA,TS-D
XC-BOM025,VFD-025,DO,D,GAB-002,PLC-002,CB-VFD-025-D-1,2,2,CB-VFD-025-D-1,NA,NA,NA,NA,NA,2,424,423,424,NA,NA,TS-D
XI-BOM025,VFD-025,DI,D,GAB-002,PLC-002,CB-VFD-025-D-1,3,3,CB-VFD-025-D-1,NA,NA,NA,NA,NA,2,426,425,426,NA,NA,TS-D
XO-BOM025,VFD-025,DO,D,GAB-002,PLC-002,CB-VFD-025-D-1,4,4,CB-VFD-025-D-1,NA,NA,NA,NA,NA,2,428,427,428,NA,NA,TS-D
XA-BOM026,VFD-026,DI,D,GAB-002,PLC-002,CB-VFD-026-D-1,1,1,CB-VFD-026-D-1,NA,NA,NA,NA,NA,2,430,429,430,NA,NA,TS-D
XC-BOM026,VFD-026,DO,D,GAB-002,PLC-002,CB-VFD-026-D-1,2,2,CB-VFD-026-D-1,NA,NA,NA,NA,NA,2,432,431,432,NA,NA,TS-D
XI-BOM026,VFD-026,DI,D,GAB-002,PLC-002,CB-VFD-026-D-1,3,3,CB-VFD-026-D-1,NA,NA,NA,NA,NA,2,434,433,434,NA,NA,TS-D
XO-BOM026,VFD-026,DO,D,GAB-002,PLC-002,CB-VFD-026-D-1,4,4,CB-VFD-026-D-1,NA,NA,NA,NA,NA,2,436,435,436,NA,NA,TS-D
XA-BOM027,VFD-027,DI,D,GAB-002,PLC-002,CB-VFD-027-D-1,1,1,CB-VFD-027-D-1,NA,NA,NA,NA,NA,2,438,437,438,NA,NA,TS-D
XC-BOM027,VFD-027,DO,D,GAB-002,PLC-002,CB-VFD-027-D-1,2,2,CB-VFD-027-D-1,NA,NA,NA,NA,NA,2,440,439,440,NA,NA,TS-D
XI-BOM027,VFD-027,DI,D,GAB-002,PLC-002,CB-VFD-027-D-1,3,3,CB-VFD-027-D-1,NA,NA,NA,NA,NA,2,442,441,442,NA,NA,TS-D
XO-BOM027,VFD-027,DO,D,GAB-002,PLC-002,CB-VFD-027-D-1,4,4,CB-VFD-027-D-1,NA,NA,NA,NA,NA,2,444,443,444,NA,NA,TS-D
XA-BOM028,VFD-028,DI,D,GAB-002,PLC-002,CB-VFD-028-D-1,1,1,CB-VFD-028-D-1,NA,NA,NA,NA,NA,2,446,445,446,NA,NA,TS-D
XC-BOM028,VFD-028,DO,D,GAB-002,PLC-002,CB-VFD-028-D-1,2,2,CB-VFD-028-D-1,NA,NA,NA,NA,NA,2,448,447,448,NA,NA,TS-D
XI-BOM028,VFD-028,DI,D,GAB-002,PLC-002,CB-VFD-028-D-1,3,3,CB-VFD-028-D-1,NA,NA,NA,NA,NA,2,450,449,450,NA,NA,TS-D
XO-BOM028,VFD-028,DO,D,GAB-002,PLC-002,CB-VFD-028-D-1,4,4,CB-VFD-028-D-1,NA,NA,NA,NA,NA,2,452,451,452,NA,NA,TS-D
XA-BOM029,VFD-029,DI,D,GAB-002,PLC-002,CB-VFD-029-D-1,1,1,CB-VFD-029-D-1,NA,NA,NA,NA,NA,2,454,453,454,NA,NA,TS-D
XC-BOM029,VFD-029,DO,D,GAB-002,PLC-002,CB-VFD-029-D-1,2,2,CB-VFD-029-D-1,NA,NA,NA,NA,NA,2,456,455,456,NA,NA,TS-D
XI-BOM029,VFD-029,DI,D,GAB-002,PLC-002,CB-VFD-029-D-1,3,3,CB-VFD-029-D-1,NA,NA,NA,NA,NA,2,458,457,458,NA,NA,TS-D
XO-BOM029,VFD-029,DO,D,GAB-002,PLC-002,CB-VFD-029-D-1,4,4,CB-VFD-029-D-1,NA,NA,NA,NA,NA,2,460,459,460,NA,NA,TS-D
XA-BOM030,VFD-030,DI,D,GAB-002,PLC-002,CB-VFD-030-D-1,1,1,CB-VFD-030-D-1,NA,NA,NA,NA,NA,2,462,461,462,NA,NA,TS-D
XC-BOM030,VFD-030,DO,D,GAB-002,PLC-002,CB-VFD-030-D-1,2,2,CB-VFD-030-D-1,NA,NA,NA,NA,NA,2,464,463,464,NA,NA,TS-D
XI-BOM030,VFD-030,DI,D,GAB-002,PLC-002,CB-VFD-030-D-1,3,3,CB-VFD-030-D-1,NA,NA,NA,NA,NA,2,466,465,466,NA,NA,TS-D
XO-BOM030,VFD-030,DO,D,GAB-002,PLC-002,CB-VFD-030-D-1,4,4,CB-VFD-030-D-1,NA,NA,NA,NA,NA,2,468,467,468,NA,NA,TS-D
